Record#,Elapsed_Time,Time_in_Community,Gender,Working,Age,Family,Hobbies,Social_Club,Political,Professional,Religious,Support_Group
1,8.17,Medium,M,Yes,36,Yes,No,Yes,No,No,No,No
2,2.8,Medium,F,Yes,54,Yes,No,No,No,No,Yes,No
3,8.68,Medium,F,No,18,Yes,No,No,No,No,No,No
4,2.27,Medium,F,No,53,Yes,No,No,No,Yes,No,No
5,8.89,Short,F,Yes,31,No,No,No,No,No,No,No
6,8.27,Medium,F,No,47,No,No,No,No,No,No,No
7,6.16,Medium,F,No,20,Yes,Yes,Yes,No,No,No,No
8,7.15,Long,F,No,50,No,No,No,No,No,No,No
9,3.87,Medium,F,No,41,No,No,No,No,No,No,No
10,5.51,Long,F,No,28,No,No,No,Yes,No,No,No
11,8.94,Medium,F,Yes,32,No,No,No,No,Yes,No,No
12,6.6,Long,F,No,20,Yes,No,No,No,No,No,No
13,9.38,Long,F,Yes,50,No,No,No,No,No,No,No
14,4.18,Short,M,No,28,No,No,No,No,No,Yes,No
15,4.78,Short,M,Yes,49,Yes,Yes,No,No,Yes,Yes,No
16,8.19,Short,F,Yes,28,No,No,No,No,No,No,Yes
17,9.9,Medium,F,Yes,26,No,Yes,No,Yes,Yes,Yes,Yes
18,2.69,Long,F,No,36,No,No,No,No,No,No,No
19,2.54,Medium,F,No,43,Yes,Yes,Yes,No,No,Yes,No
20,3.1,Medium,F,Yes,25,Yes,Yes,Yes,No,Yes,Yes,No
21,5.84,Long,F,No,40,No,No,No,No,Yes,No,Yes
22,6.14,Medium,F,Yes,26,Yes,No,Yes,Yes,Yes,Yes,No
23,3.61,Long,M,Yes,46,No,No,No,No,No,No,No
24,8.28,Short,F,Yes,50,No,No,No,No,Yes,No,No
25,4.76,Long,M,Yes,29,Yes,Yes,Yes,No,No,No,No
26,3.47,Long,F,Yes,52,Yes,Yes,Yes,No,No,Yes,No
27,9.08,Medium,M,No,26,No,No,No,No,No,No,No
28,6.87,Long,M,Yes,41,Yes,No,No,No,No,No,No
29,4.84,Medium,F,Yes,21,Yes,Yes,Yes,No,No,Yes,No
30,2.09,Medium,F,No,25,No,No,No,No,Yes,No,No
31,6.51,Long,M,Yes,37,No,No,No,No,Yes,No,Yes
32,7.72,Short,M,No,26,Yes,No,No,No,No,No,No
33,3.04,Medium,M,No,33,Yes,No,No,No,No,No,Yes
34,10.1,Medium,M,Yes,24,No,No,No,No,No,No,No
35,5.65,Short,F,Yes,47,Yes,Yes,No,No,Yes,No,No
36,5.83,Medium,F,No,27,No,No,No,No,No,No,No
37,4.54,Long,M,Yes,21,No,No,No,No,Yes,No,Yes
38,8.73,Medium,M,No,22,No,No,No,No,No,Yes,No
39,7.86,Medium,M,No,28,Yes,Yes,Yes,No,Yes,Yes,Yes
40,3.2,Long,F,Yes,21,No,No,No,No,Yes,Yes,No
41,9.82,Short,M,No,44,No,No,No,No,No,No,No
42,2.55,Long,F,Yes,49,No,No,No,No,No,No,No
43,4.64,Short,F,No,51,Yes,No,No,No,No,No,No
44,8.16,Short,F,Yes,28,No,No,No,Yes,Yes,No,No
45,9.19,Long,F,No,30,No,No,No,No,No,No,No
46,9.78,Medium,M,No,36,No,No,Yes,No,No,Yes,No
47,8.3,Medium,M,Yes,56,No,No,No,Yes,Yes,No,Yes
48,5.26,Medium,M,No,29,Yes,Yes,No,No,No,Yes,No
49,5.13,Long,M,Yes,34,Yes,Yes,Yes,No,No,Yes,Yes
50,9.59,Short,M,Yes,46,No,No,No,No,No,No,No
51,7.15,Long,F,Yes,27,No,Yes,No,No,No,Yes,No
52,6.86,Medium,M,No,38,No,No,No,No,No,No,Yes
53,2.46,Long,F,No,55,Yes,Yes,Yes,No,No,Yes,No
54,5.71,Short,M,Yes,52,Yes,Yes,No,Yes,Yes,Yes,No
55,5.29,Medium,M,No,27,Yes,Yes,No,No,Yes,Yes,No
56,8.08,Short,F,Yes,35,Yes,No,No,No,No,Yes,No
57,6.68,Medium,M,Yes,32,Yes,No,No,No,No,Yes,No
58,5.38,Medium,F,Yes,31,Yes,No,No,No,Yes,No,No
59,4.28,Medium,M,No,40,No,No,No,No,No,No,No
60,2.33,Medium,F,No,55,No,No,No,No,No,No,No
61,4.78,Short,M,No,25,No,No,No,No,Yes,Yes,No
62,3.21,Medium,M,No,30,No,No,No,No,No,Yes,No
63,9.2,Long,F,No,20,No,Yes,Yes,No,Yes,Yes,Yes
64,8.58,Medium,F,No,43,Yes,Yes,No,No,No,No,No
65,7.81,Long,F,No,20,No,No,No,No,No,No,No
66,2.9,Medium,M,No,51,No,No,No,No,Yes,No,No
67,9.69,Long,M,Yes,26,No,Yes,No,No,No,No,No
68,3.21,Medium,M,No,45,No,Yes,No,No,No,Yes,No
69,7.8,Medium,M,Yes,33,Yes,Yes,Yes,No,No,No,Yes
70,9.68,Long,M,No,53,Yes,No,Yes,No,Yes,Yes,No
71,6.59,Long,F,Yes,35,No,No,No,No,No,No,No
72,2.25,Long,M,Yes,38,Yes,Yes,Yes,No,No,Yes,No
73,6.9,Long,F,Yes,41,No,No,Yes,No,No,No,No
74,3.71,Medium,F,Yes,30,Yes,No,No,No,No,No,No
75,10.02,Long,F,No,23,Yes,Yes,Yes,No,No,Yes,No
76,6.43,Long,F,Yes,21,No,No,No,No,No,No,No
77,2.98,Long,F,Yes,56,No,No,No,No,No,No,No
78,3.72,Long,M,No,50,Yes,No,No,Yes,Yes,No,No
79,3.46,Long,F,Yes,37,Yes,No,No,No,Yes,No,No
80,4.33,Medium,M,Yes,25,No,Yes,Yes,No,Yes,Yes,No
81,3.84,Long,F,Yes,31,No,No,No,No,Yes,No,Yes
82,4.42,Long,F,No,25,Yes,Yes,Yes,No,No,Yes,No
83,7.47,Long,M,Yes,27,Yes,No,No,No,Yes,No,Yes
84,4.83,Long,M,Yes,28,Yes,No,No,No,No,No,No
85,4.99,Medium,F,Yes,31,No,No,No,No,No,No,No
86,4.02,Long,M,Yes,23,No,No,Yes,No,No,Yes,Yes
87,3.29,Medium,M,Yes,20,Yes,No,No,No,No,Yes,No
88,9.31,Medium,M,No,48,Yes,Yes,Yes,No,Yes,Yes,Yes
89,7.7,Medium,M,No,49,Yes,No,No,Yes,No,No,No
90,4.28,Medium,M,Yes,52,No,No,No,No,No,No,No
91,2.77,Long,M,Yes,30,No,No,No,No,No,No,No
92,4.04,Medium,M,No,52,No,No,No,No,No,No,No
93,2.82,Medium,M,Yes,44,Yes,No,No,No,No,No,No
94,6.92,Short,M,No,28,Yes,Yes,Yes,No,No,Yes,No
95,7.59,Long,F,No,50,No,No,No,No,No,No,No
96,9.89,Medium,M,No,31,No,No,No,No,Yes,No,No
97,6.38,Short,F,No,34,No,No,No,Yes,No,No,No
98,2.27,Medium,M,Yes,31,No,No,No,No,No,Yes,No
99,4.39,Long,M,Yes,25,No,No,No,No,Yes,No,Yes
100,3.76,Long,F,Yes,34,No,No,No,No,No,No,No
101,9.52,Short,M,Yes,24,No,No,No,No,No,No,No
102,6.31,Medium,M,No,53,No,No,No,No,No,No,No
103,5.43,Long,F,No,36,No,No,Yes,No,No,Yes,No
104,4.92,Medium,F,Yes,30,No,No,No,No,No,No,No
105,4.19,Medium,F,No,43,No,No,No,No,Yes,No,No
106,7.66,Long,M,No,26,Yes,No,No,No,Yes,Yes,No
107,2.3,Long,F,No,38,No,No,No,No,Yes,Yes,Yes
108,4.1,Long,M,No,20,No,No,No,No,No,Yes,No
109,2.98,Short,F,No,33,Yes,No,No,No,Yes,Yes,Yes
110,8.71,Medium,M,No,42,No,No,No,No,No,No,No
111,2.56,Long,M,No,49,No,No,No,No,Yes,No,No
112,6.27,Long,F,Yes,45,Yes,No,No,No,No,No,No
113,9.07,Medium,M,No,35,Yes,No,Yes,Yes,No,Yes,No
114,5.62,Medium,M,No,25,No,No,No,Yes,Yes,No,Yes
115,7.67,Medium,F,Yes,31,No,No,No,No,No,No,No
116,3.87,Short,M,Yes,42,Yes,Yes,No,No,No,No,No
117,9.7,Medium,F,No,42,No,No,No,No,No,No,Yes
118,7.24,Short,M,Yes,30,No,Yes,No,No,No,No,Yes
119,8.51,Medium,F,No,47,Yes,No,No,No,Yes,No,No
120,9.46,Long,M,No,52,No,No,No,No,No,No,Yes
121,6.88,Medium,M,Yes,19,No,No,Yes,No,Yes,Yes,No
122,2.17,Long,M,Yes,49,No,Yes,No,No,No,Yes,No
123,2.67,Medium,M,Yes,47,No,No,No,No,No,No,No
124,7.9,Medium,M,No,28,Yes,No,No,No,Yes,No,No
125,4.63,Short,M,No,30,No,Yes,No,No,No,Yes,No
126,7.76,Long,F,No,50,No,No,No,No,No,No,No
127,8.17,Long,M,Yes,44,No,No,No,No,No,No,No
128,2.32,Medium,F,No,18,No,No,No,No,Yes,No,No
129,7.69,Long,M,No,23,No,Yes,Yes,No,No,Yes,No
130,3.89,Long,M,Yes,31,No,No,No,Yes,Yes,No,No
131,9.32,Medium,M,No,44,Yes,No,No,No,No,No,No
132,8.87,Long,F,No,20,No,No,No,No,No,No,No
133,4.95,Medium,F,Yes,31,No,No,No,No,Yes,No,No
134,6.06,Medium,M,Yes,50,No,No,No,No,Yes,No,No
135,5.49,Long,F,No,45,Yes,No,No,No,No,No,Yes
136,9.36,Long,M,Yes,43,Yes,Yes,No,No,Yes,No,No
137,6.21,Medium,F,No,23,No,No,No,Yes,Yes,No,Yes
138,7.86,Short,M,Yes,32,No,No,No,No,No,No,No
139,7.45,Long,F,No,51,Yes,No,Yes,No,No,No,No
140,2.44,Medium,M,No,20,Yes,No,Yes,No,No,No,No
141,4.55,Long,F,Yes,36,Yes,No,No,No,Yes,No,Yes
142,4.31,Long,F,Yes,26,Yes,Yes,No,No,No,Yes,No
143,7,Long,F,No,50,Yes,Yes,No,No,No,Yes,No
144,9.53,Long,M,Yes,44,No,No,No,No,No,No,No
145,9.74,Medium,M,No,32,No,No,No,No,No,No,No
146,9.56,Long,M,No,54,Yes,Yes,No,No,No,Yes,No
147,9.53,Medium,M,No,24,No,No,No,No,No,No,Yes
148,6.83,Medium,M,Yes,40,Yes,Yes,No,No,No,Yes,No
149,8.87,Long,F,Yes,26,No,No,No,No,No,No,No
150,4.49,Medium,M,No,40,Yes,Yes,No,No,No,Yes,No
151,2.81,Medium,F,Yes,31,No,No,No,No,No,No,Yes
152,3.66,Medium,M,Yes,45,No,No,No,No,Yes,No,No
153,7.89,Long,F,No,32,No,Yes,No,No,No,Yes,No
154,9.64,Medium,F,Yes,25,No,No,No,Yes,No,No,No
155,5.06,Medium,F,Yes,39,No,No,No,No,No,No,No
156,6.77,Medium,F,No,21,Yes,No,No,No,No,No,No
157,6.93,Short,M,No,29,No,No,No,No,Yes,No,No
158,7.75,Short,M,No,24,No,No,No,Yes,Yes,No,No
159,9.1,Medium,M,No,32,No,No,No,No,No,Yes,No
160,2.38,Short,F,No,20,No,No,No,No,No,No,No
161,5,Long,M,No,56,Yes,No,No,No,Yes,No,No
162,6.5,Medium,F,No,43,Yes,No,No,No,No,Yes,No
163,4.68,Short,F,No,45,No,No,No,No,No,No,No
164,4.52,Long,M,Yes,29,No,No,No,No,No,No,No
165,7.19,Long,F,No,47,Yes,Yes,No,No,Yes,No,No
166,2.93,Medium,M,No,46,Yes,No,No,No,Yes,No,No
167,8.93,Short,F,No,33,Yes,No,Yes,No,No,Yes,No
168,6.16,Medium,M,No,52,Yes,No,No,No,No,No,No
169,4.2,Long,F,Yes,29,Yes,Yes,No,No,No,Yes,No
170,4.52,Long,M,Yes,22,No,Yes,No,No,Yes,Yes,No
171,3.23,Long,M,No,54,No,No,No,No,Yes,No,No
172,3.54,Long,F,No,44,No,No,No,No,No,No,Yes
173,2.25,Medium,F,No,52,No,No,No,No,Yes,No,Yes
174,3.59,Medium,F,Yes,43,Yes,No,No,No,Yes,No,No
175,3.5,Long,M,No,37,No,No,No,No,Yes,No,Yes
176,4.78,Medium,F,No,29,No,No,No,No,Yes,No,No
177,3.84,Long,F,Yes,41,No,No,No,No,No,No,No
178,9.24,Long,M,No,39,No,No,No,No,Yes,No,No
179,3.91,Long,M,Yes,48,No,No,No,Yes,No,No,Yes
180,4.95,Long,F,No,23,Yes,No,No,No,Yes,No,No
181,4.31,Long,M,No,36,Yes,Yes,Yes,No,Yes,Yes,No
182,9.44,Short,F,No,30,Yes,No,No,No,No,No,No
183,7.79,Medium,F,Yes,35,No,No,No,No,Yes,No,No
184,9.64,Medium,F,No,51,Yes,Yes,No,No,No,Yes,No
185,6.79,Long,M,No,56,No,No,No,No,No,No,No
186,7.52,Long,F,No,53,No,Yes,No,Yes,Yes,Yes,Yes
187,5.51,Medium,F,Yes,50,No,No,No,Yes,Yes,Yes,No
188,4.03,Long,F,Yes,52,No,No,No,No,Yes,No,No
189,6.57,Long,M,Yes,37,Yes,No,Yes,No,No,Yes,No
190,4.03,Medium,M,No,52,No,No,No,No,No,Yes,No
191,8.06,Short,F,Yes,39,Yes,Yes,No,No,No,Yes,No
192,4.8,Long,F,Yes,22,Yes,Yes,No,Yes,No,Yes,Yes
193,9.35,Long,F,No,40,No,No,No,No,Yes,No,No
194,5.37,Long,F,No,44,Yes,No,No,No,No,No,No
195,3,Long,M,Yes,43,No,No,No,No,No,No,No
196,2.29,Medium,F,No,51,No,No,No,Yes,No,No,Yes
197,3.68,Medium,F,No,32,No,No,No,No,No,No,No
198,5.37,Short,F,No,17,No,No,No,No,No,No,No
199,9.66,Medium,M,No,39,Yes,Yes,Yes,No,Yes,No,No
200,6.77,Short,M,No,53,Yes,No,No,Yes,Yes,No,Yes
201,9.55,Short,M,Yes,45,No,No,No,No,Yes,No,Yes
202,3.99,Long,M,Yes,39,Yes,Yes,No,No,Yes,Yes,No
203,7.97,Short,F,Yes,36,No,No,No,No,No,No,No
204,3.82,Short,F,Yes,51,No,No,Yes,No,No,Yes,No
205,9.66,Short,M,Yes,23,Yes,Yes,No,No,No,Yes,No
206,8.05,Long,F,Yes,48,No,No,No,No,No,Yes,No
207,7.1,Long,M,No,46,No,No,No,No,Yes,No,No
208,5.75,Long,F,No,26,Yes,Yes,Yes,No,No,Yes,Yes
209,7.38,Long,M,Yes,49,No,Yes,No,No,No,No,No
210,3.16,Long,F,No,21,No,Yes,Yes,No,No,Yes,Yes
211,3.23,Long,M,No,24,No,No,No,No,No,No,No
212,7.05,Medium,F,No,37,Yes,Yes,Yes,No,No,Yes,No
213,6.54,Medium,M,No,47,No,No,No,No,No,No,No
214,8.36,Medium,M,Yes,38,No,No,No,No,No,No,Yes
215,5.95,Short,F,Yes,33,Yes,Yes,No,No,Yes,No,No
216,6.24,Long,F,Yes,29,Yes,Yes,Yes,No,No,Yes,No
217,6.12,Short,M,Yes,52,No,No,No,Yes,No,No,No
218,7.63,Medium,F,No,51,No,No,No,No,Yes,No,No
219,5.94,Medium,F,No,30,Yes,No,No,No,No,No,No
220,4.86,Short,F,No,26,No,No,No,No,Yes,No,No
221,6.33,Short,F,Yes,20,Yes,Yes,Yes,No,No,Yes,Yes
222,7.85,Short,M,Yes,34,No,No,No,No,No,No,No
223,7.68,Medium,F,No,40,No,No,No,No,No,No,No
224,7,Long,M,Yes,30,No,No,No,No,No,No,No
225,3.07,Short,F,No,57,Yes,No,No,No,No,No,No
226,6.85,Medium,F,Yes,27,No,No,No,No,No,No,No
227,3.48,Long,F,No,51,Yes,Yes,No,No,Yes,Yes,Yes
228,3.88,Short,F,No,34,Yes,No,No,No,Yes,No,No
229,3.51,Medium,M,Yes,44,No,No,No,No,Yes,No,No
230,2.65,Short,F,No,48,Yes,Yes,Yes,No,No,Yes,No
231,9.43,Medium,F,No,45,No,Yes,Yes,No,Yes,Yes,No
232,8.09,Long,F,No,32,No,Yes,Yes,No,Yes,Yes,No
233,7.27,Medium,M,No,38,No,No,No,No,No,Yes,No
234,2.4,Medium,M,No,20,No,No,No,No,No,No,No
235,6.84,Long,F,Yes,45,No,No,No,No,No,Yes,No
236,5.67,Short,M,No,22,No,No,No,No,No,No,No
237,4.05,Short,F,Yes,37,No,Yes,No,No,Yes,Yes,No
238,3.82,Medium,M,No,29,No,No,No,Yes,No,Yes,No
239,7.86,Long,F,Yes,35,Yes,Yes,No,No,No,Yes,No
240,8.15,Medium,M,Yes,40,Yes,No,Yes,No,No,Yes,No
241,10.07,Long,M,Yes,21,Yes,Yes,Yes,Yes,No,Yes,No
242,6.46,Short,F,No,35,Yes,No,No,No,Yes,No,No
243,3.93,Medium,M,No,20,No,No,No,Yes,Yes,No,No
244,2.68,Long,F,No,37,Yes,No,No,No,No,No,No
245,8.58,Medium,M,Yes,32,No,Yes,Yes,No,Yes,Yes,No
246,7.09,Long,F,No,51,Yes,No,No,No,No,No,No
247,3.1,Long,F,Yes,24,Yes,Yes,Yes,No,Yes,Yes,Yes
248,6.98,Short,M,Yes,37,Yes,Yes,Yes,No,Yes,Yes,No
249,2.33,Medium,F,No,25,No,No,No,No,Yes,No,No
250,9.43,Medium,F,Yes,32,No,No,No,No,No,Yes,No
251,8.94,Long,F,Yes,40,No,No,No,No,No,No,No
252,6.12,Medium,F,No,55,No,Yes,No,No,Yes,No,No
253,4.27,Long,F,Yes,18,Yes,No,Yes,No,No,Yes,No
254,8.97,Short,F,Yes,45,No,No,No,No,No,No,No
255,4.31,Short,F,Yes,42,No,No,No,No,No,No,No
256,7.53,Long,M,No,34,Yes,No,Yes,No,No,No,Yes
257,4.62,Long,F,No,50,No,No,No,No,Yes,No,No
258,6.45,Short,F,Yes,52,Yes,Yes,No,No,No,Yes,Yes
259,2.74,Long,F,Yes,24,Yes,No,No,No,No,Yes,No
260,8.82,Short,M,Yes,39,No,No,No,Yes,No,No,Yes
261,7.47,Long,M,Yes,46,No,No,Yes,Yes,No,No,No
262,4.06,Medium,M,No,21,No,No,No,No,No,No,No
263,9.78,Long,M,Yes,31,Yes,No,No,No,No,No,No
264,2.11,Long,F,No,31,No,No,Yes,No,Yes,No,No
265,4.56,Long,F,No,52,No,No,No,No,Yes,Yes,No
266,9.69,Short,M,Yes,19,No,No,Yes,No,No,Yes,No
267,8.31,Long,M,Yes,43,No,No,No,No,No,No,No
268,9.97,Long,F,No,20,No,No,No,No,Yes,No,No
269,8.89,Medium,M,No,43,No,Yes,No,No,No,Yes,No
270,4.08,Medium,M,Yes,18,No,No,No,No,No,No,No
271,4.78,Medium,F,Yes,50,Yes,Yes,No,No,No,Yes,No
272,5.67,Long,F,No,34,Yes,No,No,No,Yes,No,No
273,3.3,Medium,F,No,52,No,No,No,No,Yes,No,Yes
274,6.71,Long,F,Yes,49,No,No,No,Yes,No,No,Yes
275,3.43,Long,F,Yes,40,Yes,No,No,No,No,Yes,Yes
276,4.97,Medium,F,No,29,No,No,No,No,No,No,No
277,5.01,Long,F,No,49,Yes,Yes,No,No,No,Yes,No
278,6.14,Long,M,Yes,42,No,Yes,Yes,No,No,Yes,Yes
279,2.58,Long,F,Yes,33,No,No,No,No,No,Yes,No
280,6.14,Medium,M,No,48,No,No,No,No,Yes,No,No
281,3.32,Long,F,No,52,No,No,No,No,Yes,No,No
282,5.2,Long,F,No,26,No,No,No,No,No,No,Yes
283,6.15,Medium,M,No,25,No,Yes,No,No,No,Yes,No
284,8.23,Medium,M,Yes,39,No,No,No,No,No,Yes,No
285,8.02,Long,F,Yes,40,Yes,Yes,No,No,Yes,Yes,Yes
286,7.98,Long,M,No,44,Yes,Yes,No,No,No,Yes,No
287,2.5,Medium,F,Yes,35,Yes,No,No,No,Yes,Yes,No
288,5.8,Long,F,Yes,52,Yes,No,Yes,No,No,Yes,No
289,9.18,Medium,M,No,56,No,No,No,No,No,Yes,No
290,6.7,Medium,M,No,22,Yes,No,No,No,No,No,No
291,6.26,Short,F,Yes,21,No,Yes,No,No,Yes,Yes,No
292,3.74,Long,F,Yes,35,No,No,No,No,No,No,No
293,6.33,Medium,M,Yes,44,No,No,No,No,Yes,No,Yes
294,4.53,Long,M,Yes,47,No,No,No,No,No,No,Yes
295,4.74,Short,M,Yes,52,Yes,Yes,No,Yes,Yes,Yes,No
296,2.73,Short,F,No,47,Yes,No,No,Yes,Yes,No,Yes
297,5.96,Long,M,Yes,32,No,Yes,No,Yes,Yes,Yes,No
298,2.11,Long,M,No,24,No,No,No,No,No,No,No
299,3.65,Short,F,Yes,22,Yes,Yes,Yes,No,No,Yes,No
300,8.01,Short,M,Yes,30,No,No,Yes,No,No,Yes,No
301,5.17,Long,M,Yes,47,No,No,No,No,No,No,No
302,4.18,Medium,F,No,38,No,No,No,Yes,No,Yes,No
303,9.68,Long,F,Yes,44,Yes,Yes,No,Yes,No,No,Yes
304,9.96,Medium,M,No,32,No,No,No,No,No,Yes,No
305,2.64,Long,F,Yes,33,No,No,No,No,No,No,No
306,9.23,Long,F,No,30,Yes,No,Yes,Yes,Yes,Yes,No
307,4.62,Short,F,Yes,25,No,Yes,No,No,Yes,No,Yes
308,2.89,Medium,F,Yes,27,Yes,No,No,No,Yes,Yes,No
309,4.55,Short,M,Yes,24,No,No,No,No,No,No,No
310,2.49,Long,F,No,53,Yes,Yes,Yes,No,No,Yes,No
311,9.3,Short,F,No,26,Yes,No,No,No,No,Yes,No
312,6.4,Short,M,No,35,Yes,Yes,No,Yes,Yes,Yes,Yes
313,7.15,Short,F,Yes,25,Yes,Yes,No,No,No,No,No
314,3.51,Long,M,No,27,No,No,No,No,No,No,No
315,6.53,Medium,M,No,49,Yes,Yes,No,Yes,Yes,No,No
316,6.66,Short,F,Yes,22,No,Yes,No,No,No,Yes,No
317,3.57,Medium,F,No,37,No,No,No,No,Yes,No,No
318,9.22,Short,F,No,55,No,No,No,No,No,Yes,No
319,2.21,Long,F,Yes,24,No,No,No,No,No,Yes,No
320,2.26,Long,F,No,31,Yes,No,No,No,No,No,No
321,5.51,Medium,F,Yes,32,No,No,No,No,No,Yes,No
322,4.46,Medium,F,No,29,Yes,No,No,No,Yes,No,No
323,5.92,Medium,M,No,42,No,No,No,No,No,Yes,No
324,7.64,Long,M,No,31,No,No,No,No,Yes,No,No
325,2.91,Medium,F,Yes,33,No,No,No,No,No,No,Yes
326,4.79,Medium,M,No,29,No,No,No,No,No,Yes,No
327,5.32,Short,M,Yes,28,No,No,No,No,Yes,No,Yes
328,9.6,Medium,F,Yes,36,No,Yes,No,No,No,No,No
329,6.15,Medium,M,Yes,37,No,No,No,No,Yes,No,No
330,8.61,Long,M,Yes,25,No,No,No,No,Yes,No,No
331,5.62,Medium,M,Yes,33,No,Yes,Yes,Yes,No,Yes,Yes
332,7.51,Long,M,Yes,31,Yes,No,No,No,No,No,No
333,9.44,Long,F,No,39,No,No,No,No,Yes,No,No
334,2.8,Long,F,Yes,47,Yes,No,Yes,No,No,Yes,No
335,4.52,Medium,F,Yes,24,Yes,No,No,No,Yes,No,No
336,9.75,Long,F,No,37,Yes,Yes,Yes,No,No,Yes,Yes
337,6.11,Long,F,No,40,No,No,No,No,Yes,No,No
338,5.23,Short,F,No,30,No,Yes,No,No,No,No,No
339,8.63,Long,F,No,53,No,No,Yes,Yes,Yes,Yes,No
340,3.76,Medium,M,Yes,33,No,No,No,Yes,No,No,Yes
341,7.14,Long,F,Yes,26,No,No,No,Yes,Yes,No,No
342,7.77,Short,M,Yes,42,No,No,No,No,No,No,No
343,6.88,Short,M,No,31,No,No,No,No,No,No,Yes
344,2.08,Short,F,Yes,49,Yes,Yes,No,No,Yes,No,No
345,6.41,Long,M,Yes,38,No,No,No,No,No,Yes,No
346,8.21,Long,F,No,23,No,No,No,No,No,No,No
347,7.49,Medium,F,Yes,22,No,No,No,No,Yes,No,No
348,2.29,Medium,M,No,54,No,No,No,Yes,Yes,No,No
349,2.37,Medium,F,No,22,No,No,No,No,No,No,No
350,5.89,Medium,F,No,30,No,Yes,No,No,No,Yes,Yes
351,6.62,Long,M,Yes,38,Yes,Yes,Yes,No,No,Yes,No
352,9.34,Long,M,No,42,No,No,Yes,No,No,Yes,Yes
353,6.68,Short,F,Yes,20,No,No,No,No,No,No,No
354,5.17,Long,F,No,28,No,No,No,No,Yes,No,No
355,2.97,Medium,M,No,38,No,No,No,No,No,Yes,No
356,2.26,Long,M,No,27,Yes,No,No,No,No,Yes,No
357,3.45,Short,F,No,56,Yes,No,No,No,No,No,No
358,9.09,Short,F,No,50,No,No,No,No,No,Yes,No
359,8.72,Medium,M,No,24,Yes,Yes,No,No,No,Yes,No
360,5.48,Medium,M,Yes,18,No,No,No,No,No,No,No
361,2.77,Medium,M,Yes,49,Yes,No,Yes,Yes,Yes,Yes,No
362,8.01,Medium,F,No,37,No,No,No,Yes,Yes,No,Yes
363,5.98,Medium,M,No,38,No,No,No,No,No,Yes,No
364,4.57,Medium,F,No,30,No,No,No,No,No,No,No
365,4.45,Long,F,No,50,Yes,Yes,Yes,No,No,Yes,No
366,8.57,Long,M,Yes,38,No,No,No,No,No,No,No
367,4.22,Medium,M,No,42,Yes,Yes,No,No,Yes,No,No
368,6.45,Long,M,No,20,No,No,No,No,No,No,Yes
369,5.64,Long,M,Yes,42,Yes,Yes,Yes,No,Yes,Yes,No
370,9.96,Medium,F,No,22,No,No,No,No,No,No,No
371,4.87,Long,F,No,23,No,No,No,No,No,No,No
372,2.17,Medium,F,No,24,Yes,Yes,No,No,No,Yes,Yes
373,8.71,Long,F,Yes,44,Yes,Yes,Yes,No,Yes,Yes,No
374,2.27,Medium,F,No,20,No,Yes,No,No,No,No,No
375,10.04,Medium,M,Yes,28,No,No,No,No,No,Yes,No
376,8.7,Medium,F,No,46,No,No,No,Yes,No,No,Yes
377,3.89,Long,F,Yes,35,No,No,No,No,No,Yes,No
378,9.3,Short,F,No,28,Yes,Yes,Yes,No,No,No,No
379,5.41,Long,F,Yes,53,No,No,No,No,Yes,No,No
380,5.45,Medium,M,Yes,28,No,No,No,No,No,No,Yes
381,4.54,Medium,F,Yes,21,Yes,No,No,No,No,Yes,No
382,3.41,Long,F,Yes,36,No,No,Yes,No,Yes,Yes,No
383,3.8,Medium,M,Yes,29,No,No,No,Yes,Yes,Yes,Yes
384,6.96,Short,M,No,36,No,No,No,Yes,Yes,No,Yes
385,9.5,Long,F,Yes,32,No,No,No,No,No,No,No
386,7.87,Long,M,Yes,21,Yes,No,No,No,No,No,No
387,3.11,Medium,M,Yes,35,No,No,Yes,No,Yes,No,No
388,2.33,Long,M,Yes,27,Yes,No,No,No,Yes,No,No
389,4.63,Short,F,Yes,22,No,No,No,No,No,Yes,No
390,7.99,Long,M,No,37,No,Yes,No,No,No,No,No
391,2.22,Medium,F,No,28,No,No,No,No,No,Yes,No
392,9.73,Short,M,Yes,49,Yes,No,No,No,No,No,No
393,10.02,Short,F,No,33,No,No,No,No,No,Yes,No
394,2.92,Long,F,Yes,52,Yes,No,No,No,No,Yes,No
395,9.49,Long,M,No,26,No,No,No,No,No,No,No
396,4.45,Medium,M,Yes,19,Yes,Yes,No,No,No,Yes,No
397,4.65,Medium,M,Yes,19,No,No,No,No,No,No,No
398,6.09,Long,F,Yes,54,No,No,No,No,No,No,No
399,4.36,Long,F,No,26,No,No,No,No,Yes,No,No
400,5.07,Long,M,No,54,No,No,No,No,No,No,No
401,8.15,Short,F,Yes,38,Yes,Yes,No,No,Yes,Yes,Yes
402,4.01,Long,F,Yes,47,No,No,No,Yes,Yes,No,No
403,8.28,Long,M,Yes,43,Yes,No,No,No,No,No,Yes
404,6.85,Short,F,Yes,45,Yes,Yes,Yes,No,No,Yes,No
405,4.75,Medium,M,No,50,No,No,No,No,No,No,No
406,2.39,Long,F,No,31,No,No,No,No,No,No,No
407,3.79,Short,M,No,41,No,No,No,Yes,Yes,Yes,No
408,3.79,Long,M,Yes,31,No,No,No,No,Yes,No,No
409,5.86,Long,F,Yes,56,No,No,No,No,No,No,No
410,2.03,Short,F,No,40,No,No,No,No,Yes,No,No
411,2.61,Short,F,No,49,No,No,No,No,No,No,No
412,4.11,Long,M,No,23,Yes,Yes,No,No,Yes,No,No
413,9.51,Long,M,No,49,Yes,Yes,Yes,No,No,Yes,No
414,2.79,Medium,M,Yes,45,Yes,Yes,No,No,Yes,Yes,No
415,3.48,Short,M,No,28,Yes,No,No,No,No,No,No
416,9.6,Medium,F,No,43,No,No,No,No,Yes,No,Yes
417,6.58,Medium,F,No,39,Yes,No,No,No,No,No,No
418,5.92,Medium,M,Yes,28,No,No,No,No,No,No,No
419,3.2,Short,F,No,35,Yes,No,No,No,No,Yes,No
420,4.17,Medium,M,Yes,20,No,No,No,No,Yes,Yes,No
421,5.57,Long,F,Yes,23,No,No,No,Yes,Yes,No,No
422,4.61,Medium,M,No,23,No,Yes,No,No,No,Yes,No
423,7.16,Medium,F,Yes,29,Yes,No,No,No,Yes,Yes,No
424,8.96,Long,F,No,37,No,No,No,No,No,Yes,No
425,2.99,Short,M,No,31,Yes,Yes,Yes,No,No,Yes,No
426,6.5,Medium,M,Yes,42,No,No,Yes,No,No,No,No
427,9.06,Long,M,Yes,52,Yes,Yes,No,No,No,Yes,No
428,6.85,Medium,F,No,41,No,No,No,No,No,No,No
429,5.49,Long,F,Yes,22,No,No,No,No,No,No,No
430,8.67,Long,F,Yes,24,Yes,No,No,Yes,Yes,No,Yes
431,7.4,Short,M,No,48,Yes,Yes,Yes,No,No,Yes,No
432,7.57,Medium,M,No,49,Yes,Yes,No,No,No,Yes,No
433,6.34,Medium,M,No,56,No,No,No,No,No,Yes,No
434,8.28,Medium,F,Yes,29,Yes,No,No,No,No,No,No
435,4.2,Long,M,Yes,44,No,Yes,No,Yes,Yes,Yes,Yes
436,2.83,Short,F,No,31,Yes,No,No,No,Yes,No,No
437,3.8,Long,M,Yes,55,No,Yes,No,No,Yes,No,No
438,6.52,Long,F,Yes,43,Yes,No,No,No,No,No,Yes
439,6.48,Medium,M,No,46,No,No,No,No,Yes,No,Yes
440,5.18,Medium,F,Yes,24,No,No,No,No,No,No,No
441,9.33,Medium,M,Yes,54,Yes,No,No,No,No,No,No
442,6.84,Medium,F,Yes,48,Yes,No,No,No,No,No,Yes
443,5.81,Medium,F,No,30,No,No,No,No,No,Yes,No
444,3.58,Long,F,No,21,No,No,No,No,No,Yes,No
445,4.8,Medium,F,Yes,39,No,No,No,No,Yes,No,No
446,7.7,Long,F,No,45,Yes,No,No,No,Yes,No,No
447,4.7,Short,F,Yes,23,No,No,No,No,No,No,No
448,3.1,Short,M,No,25,No,No,No,No,No,No,No
449,6.27,Long,M,Yes,55,Yes,No,No,No,Yes,No,No
450,5.92,Short,F,No,38,Yes,No,Yes,No,No,No,No
451,9.47,Long,M,No,27,Yes,No,No,No,No,No,Yes
452,7.15,Short,F,Yes,24,Yes,Yes,Yes,No,Yes,Yes,No
453,8.78,Long,F,No,19,Yes,No,No,No,Yes,No,No
454,2.41,Long,M,No,19,Yes,Yes,Yes,No,Yes,Yes,No
455,5.28,Long,M,Yes,28,Yes,Yes,No,No,No,Yes,Yes
456,9.52,Long,M,Yes,42,Yes,No,No,No,No,Yes,No
457,7.07,Medium,M,Yes,25,No,No,No,No,No,No,No
458,7.52,Short,F,No,24,No,No,No,No,No,Yes,No
459,8.29,Long,M,Yes,47,No,No,No,No,Yes,No,No
460,4.27,Medium,M,Yes,53,No,No,No,No,No,No,No
461,9.33,Medium,M,No,46,No,Yes,No,No,No,Yes,No
462,6.59,Short,F,No,38,No,No,No,No,No,No,No
463,8.22,Long,F,Yes,23,Yes,No,No,No,No,No,No
464,2.86,Short,F,No,47,Yes,Yes,Yes,No,No,Yes,No
465,2.18,Medium,F,No,24,No,Yes,Yes,No,No,Yes,Yes
466,7.71,Medium,M,No,22,No,No,No,No,No,Yes,No
467,9.91,Long,M,Yes,23,No,No,No,No,No,No,No
468,8.86,Medium,F,No,30,No,No,Yes,No,Yes,Yes,No
469,2.86,Short,M,No,46,Yes,No,No,No,No,Yes,No
470,4.88,Long,F,No,29,No,Yes,Yes,No,No,Yes,No
471,7.62,Short,M,Yes,40,No,Yes,No,Yes,Yes,Yes,No
472,6.25,Medium,M,Yes,35,Yes,No,No,No,Yes,Yes,No
473,6.4,Short,F,Yes,44,No,No,No,No,No,No,Yes
474,7.04,Medium,F,No,53,No,No,No,No,No,No,No
475,2.93,Medium,F,Yes,26,Yes,Yes,Yes,No,Yes,Yes,No
476,9.43,Medium,F,No,46,No,No,Yes,No,No,Yes,Yes
477,4.61,Long,F,Yes,31,No,No,No,Yes,Yes,No,Yes
478,4.92,Short,F,Yes,29,Yes,Yes,No,No,No,No,Yes
479,5.17,Short,F,No,31,Yes,Yes,No,No,No,Yes,No
480,5.7,Long,M,Yes,25,No,No,No,No,Yes,No,No
481,2.94,Long,F,Yes,45,Yes,Yes,No,No,No,Yes,No
482,7.32,Short,F,No,22,Yes,Yes,Yes,Yes,No,No,No
483,7.25,Long,M,No,23,Yes,No,Yes,No,No,Yes,Yes
484,7.68,Medium,F,Yes,38,Yes,Yes,Yes,No,No,Yes,Yes
485,3.57,Medium,M,Yes,34,No,Yes,No,No,Yes,Yes,No
486,6.74,Long,F,Yes,44,No,No,No,No,No,No,Yes
487,2.75,Long,M,No,49,No,No,No,No,No,No,No
488,5.46,Medium,M,Yes,29,Yes,Yes,No,No,No,Yes,Yes
489,4.14,Short,M,No,39,No,No,No,No,Yes,No,No
490,9.1,Long,F,Yes,51,No,No,No,No,No,No,No
491,8.66,Long,F,Yes,29,No,Yes,No,No,No,Yes,No
492,7.24,Medium,M,Yes,19,No,No,No,No,No,No,No
493,9.27,Long,F,Yes,39,Yes,No,No,No,No,No,No
494,2.93,Medium,F,Yes,31,No,No,No,No,Yes,No,No
495,2.69,Long,F,Yes,27,No,No,No,No,No,No,Yes
496,9.45,Medium,M,No,47,No,Yes,No,No,Yes,Yes,Yes
497,7.52,Medium,F,No,51,No,No,Yes,Yes,No,Yes,No
498,9.62,Long,M,No,50,No,No,No,No,Yes,No,No
499,6.07,Medium,F,Yes,48,No,No,No,Yes,Yes,Yes,Yes
500,8.58,Medium,F,No,46,No,No,No,No,Yes,Yes,No
501,9.43,Long,F,Yes,40,No,No,Yes,No,Yes,Yes,No
502,9.48,Short,M,No,36,Yes,No,No,Yes,Yes,Yes,No
503,8.69,Long,F,No,52,Yes,Yes,No,No,Yes,Yes,Yes
504,3.84,Short,F,Yes,54,No,No,No,No,Yes,No,No
505,7.82,Long,F,Yes,43,Yes,Yes,Yes,No,No,Yes,Yes
506,5.38,Short,M,Yes,45,Yes,No,No,No,No,No,No
507,7.77,Long,F,Yes,38,Yes,Yes,No,No,No,Yes,No
508,8.67,Medium,M,No,37,Yes,No,No,No,No,Yes,No
509,2.13,Medium,F,No,25,Yes,Yes,Yes,No,No,Yes,No
510,3.17,Long,F,No,19,No,No,No,No,Yes,No,No
511,4.45,Short,M,Yes,25,Yes,No,No,No,Yes,No,No
512,3.4,Long,F,No,44,Yes,Yes,No,No,No,Yes,No
513,8.02,Long,F,No,34,Yes,No,No,No,Yes,No,No
514,7.06,Medium,M,Yes,21,No,Yes,Yes,No,No,Yes,No
515,8.41,Short,M,No,26,Yes,Yes,No,No,No,Yes,No
516,9.25,Long,F,No,22,No,No,Yes,No,No,No,No
517,8.01,Long,F,No,32,No,No,No,No,Yes,No,No
518,6.99,Medium,F,No,41,No,No,No,No,No,No,No
519,8.42,Medium,F,Yes,47,No,No,No,No,No,No,No
520,6.06,Medium,M,No,28,No,Yes,No,No,No,Yes,No
521,10.01,Medium,M,Yes,27,Yes,Yes,No,Yes,Yes,Yes,No
522,6.24,Long,F,Yes,51,Yes,No,No,No,No,Yes,Yes
523,2.53,Short,M,No,55,No,Yes,Yes,No,No,No,Yes
524,6.59,Medium,M,No,23,No,Yes,No,No,No,Yes,No
525,8.52,Medium,F,No,20,Yes,No,Yes,Yes,No,Yes,No
526,4.8,Short,M,Yes,49,Yes,Yes,Yes,No,No,Yes,Yes
527,5.58,Long,M,No,42,Yes,No,No,No,No,No,No
528,5.52,Long,F,No,32,No,Yes,No,No,Yes,Yes,Yes
529,3.19,Long,M,No,45,Yes,Yes,No,No,Yes,Yes,Yes
530,7.88,Medium,M,Yes,37,No,No,No,No,No,No,No
531,8.71,Medium,M,No,42,No,No,No,No,No,No,No
532,4.01,Long,F,Yes,44,No,No,No,No,No,Yes,No
533,5.89,Medium,M,No,47,No,No,No,Yes,No,No,No
534,3.41,Short,M,No,27,No,Yes,No,Yes,No,Yes,No
535,9.88,Long,F,Yes,42,No,No,No,Yes,No,Yes,No
536,2.14,Short,F,Yes,50,No,No,No,No,No,No,No
537,7.77,Medium,F,Yes,31,No,No,No,No,Yes,Yes,No
538,4.5,Long,M,No,23,No,No,No,No,No,No,No
539,2.11,Long,F,No,32,Yes,Yes,No,No,No,Yes,No
540,9.13,Long,F,Yes,31,No,Yes,No,No,Yes,Yes,No
541,8.85,Long,F,No,32,Yes,No,No,No,No,Yes,No
542,6.63,Medium,M,Yes,45,Yes,No,No,Yes,Yes,Yes,Yes
543,9.88,Short,F,No,29,Yes,Yes,No,No,No,Yes,No
544,5.58,Short,F,No,42,Yes,No,No,No,No,No,Yes
545,7.42,Long,F,No,42,Yes,No,No,No,Yes,No,No
546,9.49,Long,M,No,27,Yes,No,No,Yes,Yes,No,No
547,8.09,Long,F,Yes,41,No,No,No,Yes,No,Yes,Yes
548,4.19,Long,F,Yes,34,No,Yes,No,No,No,Yes,No
549,3.17,Long,F,Yes,44,No,Yes,Yes,No,No,Yes,No
550,3.32,Long,F,Yes,46,No,No,No,No,No,No,Yes
551,8.26,Medium,M,Yes,29,No,No,No,No,Yes,No,No
552,3.48,Short,F,No,50,Yes,Yes,No,No,No,Yes,No
553,3.01,Short,M,No,21,Yes,Yes,Yes,No,No,Yes,No
554,9.73,Medium,M,Yes,52,Yes,Yes,No,No,Yes,No,No
555,3.85,Short,F,No,34,No,Yes,No,Yes,No,Yes,No
556,7.4,Long,F,No,42,Yes,No,No,No,No,Yes,No
557,8.81,Medium,M,No,31,Yes,No,No,No,No,No,No
558,6.89,Medium,F,No,37,Yes,No,No,Yes,No,No,No
559,8.72,Medium,M,No,32,Yes,No,No,No,Yes,No,Yes
560,9.07,Long,F,No,50,No,No,No,No,No,No,No
561,3,Long,F,Yes,49,Yes,Yes,Yes,No,Yes,Yes,No
562,9.3,Medium,F,Yes,50,No,Yes,Yes,No,No,Yes,No
563,8.81,Long,M,No,50,No,No,No,No,No,No,No
564,2.53,Long,F,No,47,Yes,Yes,Yes,No,No,Yes,No
565,4.65,Long,F,No,51,No,No,No,No,Yes,Yes,No
566,9.46,Long,F,Yes,49,No,No,No,No,Yes,No,No
567,6.64,Medium,M,No,21,No,No,No,No,No,No,No
568,6.14,Medium,M,Yes,37,Yes,No,No,No,Yes,No,No
569,7.48,Long,F,No,39,No,Yes,No,No,No,Yes,No
570,6.38,Medium,M,No,48,No,No,No,No,No,No,No
571,4.98,Medium,F,No,21,No,Yes,No,No,No,Yes,No
572,9.2,Short,F,No,53,Yes,Yes,No,No,No,Yes,No
573,2.88,Short,F,No,45,No,No,No,No,No,No,No
574,4.39,Medium,M,No,47,No,No,No,No,Yes,No,No
575,3.31,Medium,F,No,48,No,Yes,No,No,No,No,No
576,6.11,Short,F,No,38,No,No,No,Yes,No,No,Yes
577,8.4,Short,M,No,25,No,No,No,No,Yes,No,No
578,8.95,Medium,M,Yes,29,No,No,No,No,Yes,No,No
579,2.85,Medium,M,No,50,Yes,No,No,No,No,No,No
580,5.5,Long,F,No,54,No,No,No,No,No,No,No
581,4.76,Short,M,Yes,49,No,Yes,No,No,No,No,Yes
582,5.39,Short,F,No,51,Yes,Yes,Yes,No,Yes,Yes,No
583,3.23,Short,M,No,20,No,No,No,No,No,No,No
584,7.69,Medium,F,Yes,43,No,No,No,No,No,No,No
585,7.07,Long,F,No,41,Yes,No,No,No,Yes,Yes,No
586,8.7,Medium,M,No,31,No,No,No,No,Yes,No,No
587,7.92,Medium,F,No,32,No,No,No,No,No,Yes,No
588,6.88,Medium,F,Yes,44,No,No,No,No,No,No,No
589,5.39,Medium,M,No,45,No,No,No,No,No,No,No
590,2.69,Medium,F,No,40,No,No,No,No,No,No,No
591,7.85,Medium,M,Yes,39,No,No,No,No,Yes,No,Yes
592,2.33,Medium,F,Yes,28,No,Yes,No,No,No,Yes,Yes
593,3.86,Long,F,Yes,22,Yes,No,No,Yes,Yes,Yes,No
594,8.55,Long,M,Yes,36,No,No,No,No,Yes,No,No
595,3.72,Medium,F,No,30,Yes,Yes,No,No,No,Yes,No
596,3.71,Medium,M,No,31,No,Yes,Yes,No,No,Yes,No
597,8.05,Medium,F,No,22,Yes,Yes,Yes,No,No,Yes,No
598,6.16,Medium,F,Yes,36,No,No,No,No,Yes,No,No
599,4.31,Short,F,No,39,Yes,Yes,No,No,No,No,No
600,7.83,Short,F,Yes,29,No,No,No,No,No,No,No
601,2.81,Short,F,No,31,No,No,Yes,No,Yes,Yes,Yes
602,5.81,Short,F,Yes,56,No,No,No,No,Yes,Yes,No
603,9.11,Long,F,No,34,Yes,No,Yes,No,Yes,Yes,Yes
604,5.08,Medium,F,No,26,Yes,No,Yes,No,Yes,Yes,Yes
605,8.77,Short,F,Yes,30,Yes,No,No,No,Yes,Yes,No
606,7.69,Short,M,No,28,No,Yes,No,No,No,Yes,No
607,8.11,Long,F,No,37,No,No,No,No,No,Yes,No
608,8.14,Long,F,Yes,40,No,No,Yes,No,Yes,No,Yes
609,2.73,Short,M,Yes,23,Yes,No,No,No,No,No,No
610,7.83,Long,M,Yes,29,Yes,No,No,No,No,No,No
611,4.17,Medium,F,No,45,Yes,No,No,No,Yes,Yes,No
612,9.33,Long,F,Yes,29,No,No,No,No,No,No,No
613,6.88,Long,M,No,42,Yes,Yes,Yes,No,Yes,Yes,Yes
614,7.1,Long,F,Yes,37,No,Yes,No,No,No,Yes,No
615,8.42,Long,M,No,52,Yes,No,No,No,Yes,Yes,No
616,4.3,Long,M,Yes,24,No,No,No,No,No,No,No
617,2.9,Short,F,Yes,54,No,No,No,No,No,No,Yes
618,2.42,Medium,F,No,18,No,Yes,No,No,No,No,No
619,2.54,Medium,M,Yes,32,No,No,No,No,Yes,No,No
620,9.85,Short,F,No,54,No,No,No,No,Yes,Yes,No
621,9.3,Long,M,Yes,22,No,No,No,No,No,No,No
622,2.64,Long,F,Yes,35,Yes,No,No,No,No,No,No
623,4.58,Medium,M,No,21,Yes,Yes,Yes,No,Yes,Yes,No
624,3.2,Short,F,Yes,27,Yes,Yes,Yes,No,No,Yes,No
625,7.07,Short,F,No,55,Yes,No,Yes,No,No,No,Yes
626,3.44,Medium,F,Yes,42,No,No,No,No,Yes,No,No
627,6.15,Medium,F,No,49,No,Yes,Yes,No,No,Yes,No
628,2.92,Medium,F,Yes,53,No,Yes,No,No,No,Yes,No
629,2.85,Long,F,Yes,26,No,No,No,No,No,No,No
630,4.77,Medium,F,No,44,Yes,Yes,Yes,Yes,Yes,Yes,No
631,5.99,Medium,F,No,29,No,No,No,No,No,No,No
632,6.13,Long,M,Yes,53,Yes,No,Yes,No,No,Yes,No
633,7.33,Short,F,Yes,27,No,No,No,No,Yes,No,No
634,3,Medium,M,No,43,Yes,Yes,Yes,No,No,Yes,No
635,8.69,Medium,M,No,42,Yes,No,Yes,No,No,No,No
636,3.83,Long,F,Yes,35,Yes,Yes,Yes,No,No,Yes,No
637,3.15,Long,F,Yes,20,No,No,No,Yes,Yes,No,No
638,2.61,Long,F,No,24,Yes,No,No,No,Yes,No,No
639,9.66,Long,M,Yes,29,No,Yes,No,No,Yes,Yes,No
640,6.44,Short,M,No,36,Yes,No,No,No,Yes,No,No
641,3.02,Medium,M,Yes,24,No,No,No,No,No,No,No
642,9.73,Medium,M,No,39,No,No,Yes,No,No,Yes,No
643,2.27,Medium,F,Yes,40,No,No,No,No,No,Yes,No
644,2.52,Long,F,No,21,Yes,No,Yes,No,No,Yes,No
645,7.4,Medium,F,Yes,49,No,Yes,No,No,Yes,Yes,No
646,2.94,Long,F,No,25,Yes,No,No,No,No,No,No
647,8.03,Long,F,No,39,Yes,Yes,Yes,No,No,Yes,No
648,6.41,Medium,F,No,25,No,No,No,No,No,No,Yes
649,3.29,Medium,F,No,52,Yes,Yes,Yes,No,No,Yes,No
650,9.01,Long,F,Yes,42,No,No,No,No,No,No,No
651,2.88,Long,F,Yes,29,Yes,Yes,No,No,No,Yes,No
652,6.45,Medium,M,No,27,No,No,No,No,No,Yes,No
653,2.5,Long,F,Yes,49,Yes,Yes,No,No,Yes,Yes,No
654,3.41,Medium,M,No,47,Yes,No,No,No,No,Yes,Yes
655,6.56,Short,M,No,21,No,No,No,No,Yes,No,No
656,2.1,Medium,F,No,30,No,No,No,No,No,No,No
657,7.46,Medium,F,Yes,30,No,No,No,No,No,Yes,No
658,8.1,Long,M,Yes,23,Yes,No,No,No,Yes,No,No
659,5.61,Short,F,No,42,Yes,Yes,Yes,No,Yes,Yes,No
660,8.87,Long,M,Yes,34,No,No,No,No,No,No,Yes
661,5.63,Medium,F,Yes,50,Yes,Yes,No,No,No,Yes,No
662,3.95,Long,M,Yes,41,Yes,No,No,No,No,No,No
663,5.27,Long,F,Yes,52,No,No,No,No,No,No,Yes
664,8.28,Long,F,Yes,45,No,No,No,No,No,No,No
665,4.83,Short,F,No,43,Yes,Yes,No,No,No,Yes,No
666,3.62,Long,M,Yes,25,No,No,No,No,Yes,Yes,No
667,4.31,Medium,M,Yes,47,Yes,Yes,No,No,No,Yes,No
668,6.44,Medium,F,No,43,No,No,No,No,No,No,No
669,6.86,Medium,F,No,45,No,No,No,No,No,No,No
670,4.78,Medium,M,No,51,Yes,Yes,Yes,No,No,Yes,No
671,3.65,Long,M,Yes,29,No,No,No,No,No,Yes,No
672,7.45,Medium,M,No,22,No,No,No,No,No,No,No
673,4.54,Medium,M,Yes,27,Yes,Yes,Yes,No,No,Yes,No
674,6.47,Long,F,Yes,43,No,No,No,No,Yes,Yes,No
675,2.69,Medium,F,Yes,53,Yes,Yes,No,No,No,Yes,No
676,9.75,Short,F,No,57,No,No,No,No,Yes,No,Yes
677,2.35,Short,F,No,22,No,No,No,No,No,Yes,No
678,5.16,Long,M,Yes,29,Yes,Yes,No,No,No,Yes,No
679,3.88,Medium,M,No,24,No,No,No,No,No,No,No
680,5.01,Medium,F,Yes,42,No,No,No,No,No,No,No
681,5.28,Short,F,No,29,No,No,No,No,No,No,No
682,4.1,Long,M,No,22,No,No,No,No,No,No,No
683,4.62,Short,M,Yes,50,Yes,Yes,No,No,No,No,No
684,7.25,Short,F,Yes,31,No,Yes,No,No,Yes,Yes,No
685,8.45,Medium,F,No,53,Yes,Yes,Yes,No,No,Yes,Yes
686,5.63,Long,M,Yes,42,No,Yes,Yes,No,Yes,Yes,No
687,6.08,Short,F,Yes,29,Yes,No,No,No,Yes,No,No
688,3.34,Long,M,Yes,49,No,No,No,No,No,No,No
689,5.52,Short,F,No,30,Yes,Yes,No,No,No,Yes,No
690,8.78,Medium,M,Yes,23,Yes,No,No,No,Yes,No,No
691,9.31,Long,M,Yes,46,No,No,No,No,No,No,No
692,8.74,Medium,M,Yes,26,Yes,No,No,No,Yes,No,No
693,4.29,Long,F,No,24,Yes,No,No,No,No,No,No
694,6.05,Long,M,Yes,38,No,No,No,No,No,Yes,No
695,4.44,Long,M,No,22,Yes,Yes,Yes,No,No,Yes,No
696,9.45,Short,F,Yes,38,No,No,No,No,No,No,No
697,8.48,Long,F,No,38,No,No,No,No,No,No,No
698,7.01,Medium,F,No,37,Yes,Yes,Yes,No,No,Yes,No
699,7.92,Medium,F,No,32,Yes,No,No,No,No,No,No
700,8.32,Long,F,No,55,Yes,Yes,No,No,No,Yes,Yes
701,2.74,Short,F,Yes,51,No,No,No,No,No,No,Yes
702,3.92,Long,M,Yes,44,No,No,No,No,No,No,No
703,5.05,Medium,F,Yes,51,Yes,Yes,Yes,No,Yes,Yes,No
704,4.16,Long,M,Yes,45,Yes,Yes,No,No,Yes,Yes,No
705,7.03,Medium,F,Yes,34,No,Yes,No,No,No,Yes,No
706,3.16,Long,F,Yes,21,Yes,No,Yes,No,No,Yes,No
707,6.08,Medium,M,No,51,No,Yes,No,No,No,Yes,No
708,8.1,Medium,M,No,22,Yes,Yes,Yes,No,Yes,Yes,No
709,5.56,Long,F,No,21,Yes,Yes,No,No,Yes,No,No
710,2.68,Long,M,No,51,Yes,No,No,No,No,No,Yes
711,5.79,Long,M,Yes,23,No,No,No,No,No,No,No
712,4.2,Medium,M,Yes,27,No,No,No,No,No,No,Yes
713,3.71,Long,F,Yes,42,Yes,Yes,No,No,No,Yes,No
714,7.62,Medium,F,No,52,No,No,No,Yes,Yes,Yes,No
715,3.23,Long,F,Yes,27,No,No,No,No,No,No,No
716,2.28,Long,F,Yes,40,Yes,No,No,No,No,No,No
717,6.05,Medium,F,Yes,56,Yes,No,No,No,Yes,No,No
718,2.55,Medium,M,Yes,50,No,Yes,Yes,No,No,Yes,No
719,3.17,Medium,F,No,27,No,No,No,Yes,Yes,No,No
720,8.86,Long,F,No,45,Yes,Yes,No,No,No,No,No
721,9.44,Short,M,Yes,27,Yes,Yes,Yes,No,No,Yes,No
722,9.09,Short,F,Yes,45,Yes,Yes,Yes,No,Yes,Yes,Yes
723,6.19,Short,M,Yes,39,No,No,No,No,Yes,No,No
724,7.58,Medium,F,No,44,Yes,Yes,No,No,Yes,No,No
725,2.53,Short,M,No,36,No,No,No,No,No,No,No
726,7.28,Medium,F,Yes,28,No,No,No,Yes,Yes,No,Yes
727,4.02,Long,F,Yes,36,No,No,No,Yes,Yes,No,No
728,6.45,Short,M,No,32,Yes,No,No,No,No,No,Yes
729,5.33,Short,M,Yes,45,No,Yes,Yes,No,Yes,Yes,Yes
730,2.85,Long,F,No,45,No,No,No,Yes,Yes,No,No
731,7.3,Long,M,Yes,19,No,Yes,No,No,Yes,Yes,No
732,5.44,Medium,M,Yes,42,No,Yes,No,Yes,No,Yes,No
733,8.08,Medium,M,No,20,No,No,No,No,No,No,No
734,5.45,Short,F,Yes,28,Yes,No,Yes,No,No,Yes,No
735,4.52,Medium,F,No,44,No,Yes,Yes,No,Yes,Yes,No
736,5.66,Long,F,No,30,No,No,No,No,No,No,No
737,7.44,Long,F,No,54,No,No,No,No,No,No,No
738,4.96,Medium,M,Yes,44,No,No,No,No,No,Yes,No
739,5.58,Long,F,No,45,No,No,No,Yes,Yes,No,Yes
740,7.26,Medium,M,Yes,44,No,No,No,No,No,No,No
741,2.4,Short,M,No,21,Yes,No,Yes,Yes,No,Yes,No
742,2.65,Medium,F,No,37,No,No,No,No,No,No,No
743,2.03,Short,F,Yes,29,Yes,No,No,No,No,No,Yes
744,7.52,Long,F,Yes,39,Yes,No,No,No,No,Yes,No
745,6.19,Medium,F,Yes,28,No,No,No,No,No,No,No
746,4.92,Medium,M,No,55,No,No,No,No,No,Yes,No
747,5.42,Long,F,No,43,No,No,No,Yes,Yes,No,No
748,2.25,Long,M,No,20,No,No,No,No,No,Yes,No
749,5.43,Long,M,No,32,Yes,No,Yes,No,Yes,No,No
750,6.29,Medium,M,Yes,41,Yes,Yes,Yes,No,No,Yes,No
751,3.64,Short,F,Yes,20,No,No,No,No,Yes,No,Yes
752,9.64,Short,M,No,32,Yes,No,No,No,No,Yes,No
753,8.65,Medium,F,No,36,Yes,No,Yes,Yes,No,Yes,Yes
754,7.18,Long,F,No,50,No,No,No,No,Yes,No,No
755,3.45,Short,F,No,54,No,No,No,No,Yes,No,No
756,9.92,Long,M,Yes,42,No,No,No,No,No,No,No
757,3.03,Medium,M,No,27,Yes,No,No,No,Yes,No,No
758,9.65,Short,M,Yes,22,Yes,Yes,Yes,No,No,Yes,No
759,9.7,Long,M,Yes,28,No,No,No,No,Yes,No,No
760,7.41,Long,F,Yes,31,No,No,Yes,No,No,Yes,No
761,7.84,Long,F,No,32,Yes,Yes,No,No,No,Yes,No
762,7.29,Long,M,No,21,No,No,No,No,Yes,No,No
763,3.2,Short,F,Yes,31,Yes,No,No,No,No,No,Yes
764,8.41,Medium,M,No,20,No,No,No,No,No,No,No
765,4.33,Medium,F,Yes,37,No,No,No,No,No,No,No
766,6.13,Long,M,No,34,Yes,Yes,No,No,No,Yes,No
767,5.6,Medium,F,Yes,45,Yes,No,No,Yes,No,No,Yes
768,4.46,Long,F,No,53,No,No,No,No,No,No,Yes
769,5.87,Long,M,Yes,48,No,No,No,No,Yes,No,Yes
770,3.96,Long,F,No,32,No,No,No,Yes,Yes,No,Yes
771,4.43,Medium,M,Yes,54,No,No,No,No,No,No,No
772,7.24,Long,M,No,42,Yes,No,Yes,No,No,No,No
773,3.73,Medium,M,No,53,No,No,No,No,No,Yes,No
774,5.09,Medium,F,No,31,No,No,No,No,Yes,No,No
775,8.74,Long,M,Yes,30,No,Yes,Yes,No,Yes,Yes,No
776,2.85,Medium,F,No,22,No,No,No,No,Yes,No,No
777,8.99,Medium,F,Yes,30,No,No,Yes,No,No,No,No
778,7.79,Medium,F,Yes,53,No,No,Yes,No,No,Yes,No
779,4.2,Short,F,Yes,38,Yes,No,No,Yes,Yes,No,No
780,6.62,Short,F,No,34,No,No,No,No,Yes,No,Yes
781,4.7,Medium,F,No,46,No,No,No,No,Yes,No,No
782,6.42,Medium,M,Yes,29,No,No,Yes,No,Yes,Yes,No
783,7.73,Long,F,Yes,21,Yes,Yes,Yes,No,Yes,Yes,No
784,3.78,Medium,M,Yes,48,Yes,No,No,No,No,No,No
785,10,Short,M,No,52,Yes,No,No,No,Yes,No,No
786,6.15,Medium,F,No,43,Yes,Yes,No,No,Yes,Yes,No
787,7.46,Medium,M,No,24,No,No,No,No,No,No,Yes
788,8.07,Long,F,No,25,Yes,Yes,No,No,Yes,Yes,No
789,6.26,Medium,M,No,23,No,No,No,No,No,No,No
790,3.63,Short,F,No,18,No,No,No,No,No,No,No
791,3.73,Long,M,Yes,50,No,No,No,No,No,Yes,No
792,6.88,Medium,F,Yes,29,No,No,No,No,Yes,No,No
793,7.23,Short,F,Yes,25,No,No,No,No,No,No,No
794,9.68,Medium,M,Yes,44,No,No,No,No,No,No,No
795,5.65,Long,F,No,30,No,No,No,No,Yes,Yes,No
796,6.44,Long,F,Yes,52,No,No,No,No,No,Yes,No
797,7.58,Long,F,No,20,No,No,No,No,Yes,No,No
798,2.61,Medium,F,Yes,34,Yes,Yes,Yes,No,Yes,Yes,No
799,6.52,Medium,F,No,34,Yes,Yes,Yes,No,No,Yes,No
800,8.67,Long,M,Yes,19,No,No,No,No,Yes,No,No
801,2.82,Long,F,Yes,50,No,No,No,Yes,Yes,No,No
802,4.85,Short,F,No,50,No,Yes,No,Yes,No,Yes,Yes
803,8.16,Long,M,Yes,34,No,No,No,No,No,No,No
804,3.61,Medium,M,No,46,No,No,No,Yes,No,No,No
805,6.66,Medium,M,No,51,No,No,No,No,Yes,No,Yes
806,2.55,Long,F,No,33,No,No,No,No,No,No,No
807,7.18,Medium,F,Yes,26,No,No,No,No,No,Yes,No
808,5.23,Long,M,No,22,No,No,No,No,Yes,Yes,Yes
809,2.62,Long,F,No,55,Yes,No,No,No,Yes,No,No
810,8.57,Medium,F,No,20,No,No,No,No,Yes,No,Yes
811,3.01,Short,F,No,54,Yes,No,No,No,No,No,No
812,7.08,Medium,F,Yes,31,No,No,No,No,Yes,No,No
813,8.83,Long,F,No,36,No,No,Yes,No,Yes,Yes,Yes
814,2.6,Medium,F,No,38,No,No,No,No,No,No,No
815,4.42,Long,F,No,50,Yes,No,No,No,Yes,Yes,Yes
816,2.12,Long,F,No,30,No,No,No,No,No,No,No
817,2.19,Long,M,No,24,No,Yes,No,No,No,No,No
818,3.6,Long,M,Yes,42,No,No,No,No,Yes,Yes,Yes
819,4,Long,M,Yes,44,No,No,No,No,No,No,No
820,3.17,Long,F,Yes,31,Yes,Yes,Yes,No,No,Yes,No
821,3.87,Medium,F,No,45,No,No,No,No,No,No,No
822,3.21,Long,M,Yes,37,No,No,No,No,No,No,No
823,2.58,Short,M,Yes,27,No,No,No,No,Yes,No,No
824,2.78,Medium,F,Yes,47,No,No,No,No,Yes,No,No
825,5.57,Short,M,No,27,Yes,No,No,No,Yes,No,No
826,8.98,Medium,M,No,35,No,Yes,No,No,No,Yes,No
827,8.04,Medium,M,No,21,No,No,No,No,Yes,No,No
828,9.67,Long,M,No,52,Yes,Yes,Yes,No,No,Yes,No
829,9.42,Medium,M,No,45,Yes,No,No,No,Yes,No,No
830,4.28,Medium,M,No,36,No,No,No,No,Yes,No,No
831,5.44,Long,F,Yes,41,Yes,No,No,No,No,No,No
832,2.49,Medium,M,No,19,No,Yes,No,No,No,No,No
833,5.19,Medium,F,No,47,Yes,Yes,No,No,No,No,No
834,6.41,Long,M,Yes,50,No,No,No,No,No,No,No
835,2.68,Short,M,Yes,28,No,No,No,No,No,No,No
836,9.96,Medium,F,No,32,No,No,No,No,No,No,Yes
837,2.87,Long,M,Yes,34,Yes,No,No,No,No,No,No
838,2.61,Long,F,Yes,31,No,Yes,No,No,No,No,No
839,3.31,Short,M,No,17,No,No,No,No,No,No,Yes
840,6.5,Medium,M,No,25,Yes,Yes,No,No,No,Yes,Yes
841,9.86,Long,F,No,36,No,No,No,Yes,No,No,No
842,4.56,Long,M,Yes,48,No,No,No,No,No,No,No
843,7.14,Short,M,No,35,No,No,No,Yes,No,No,No
844,3.29,Long,M,Yes,51,No,No,No,No,No,No,No
845,6.37,Long,F,Yes,27,No,No,No,No,No,No,No
846,3.37,Medium,F,Yes,28,Yes,Yes,Yes,Yes,Yes,Yes,Yes
847,5.27,Medium,M,No,44,No,No,No,No,No,No,No
848,4.03,Medium,M,No,48,No,No,No,No,Yes,No,No
849,6.78,Medium,M,No,41,No,No,No,No,No,No,No
850,8.9,Medium,F,Yes,29,No,Yes,No,No,No,Yes,No
851,3.12,Medium,F,Yes,26,No,No,No,No,No,Yes,No
852,2.81,Long,F,No,26,No,Yes,No,No,Yes,No,No
853,6.97,Medium,F,Yes,28,No,No,Yes,No,No,Yes,No
854,5.22,Short,M,Yes,25,Yes,No,No,No,No,No,No
855,3.38,Long,M,Yes,23,Yes,No,No,Yes,No,Yes,No
856,6.05,Medium,F,Yes,22,No,No,No,No,No,No,Yes
857,5.99,Long,F,No,50,No,No,No,No,No,Yes,No
858,8.67,Short,M,Yes,38,Yes,Yes,No,No,No,Yes,No
859,4.97,Medium,M,No,29,Yes,No,No,Yes,No,No,No
860,2.62,Medium,F,No,40,Yes,No,No,No,No,No,No
861,2.03,Short,M,Yes,23,No,No,No,No,Yes,No,No
862,4.69,Short,F,No,50,No,No,No,No,No,No,No
863,3.32,Medium,F,No,25,Yes,Yes,No,No,No,Yes,Yes
864,3.71,Short,F,Yes,20,No,No,No,No,No,No,No
865,6.37,Long,F,Yes,30,No,No,No,No,No,No,No
866,7.83,Long,F,Yes,31,Yes,No,Yes,No,Yes,Yes,No
867,7.93,Long,M,No,22,Yes,No,No,No,Yes,Yes,No
868,5.02,Short,M,Yes,25,Yes,No,No,No,Yes,No,No
869,7.02,Short,F,No,32,Yes,No,No,Yes,No,No,Yes
870,4.38,Short,F,No,40,Yes,No,No,No,No,No,No
871,5.18,Medium,M,Yes,44,No,No,No,No,Yes,No,No
872,2.85,Short,F,No,33,Yes,Yes,No,No,No,No,Yes
873,2.01,Long,F,No,39,Yes,Yes,Yes,No,Yes,Yes,Yes
874,5.71,Long,M,No,29,Yes,Yes,Yes,No,No,Yes,No
875,9.06,Medium,M,Yes,29,Yes,No,No,No,No,No,No
876,3.23,Short,M,No,33,No,Yes,Yes,No,Yes,Yes,No
877,7.36,Long,M,Yes,19,No,No,No,No,No,No,No
878,9.63,Short,M,No,35,No,Yes,Yes,No,No,Yes,No
879,3.37,Medium,F,Yes,26,No,No,No,No,No,No,No
880,4.38,Short,M,Yes,23,No,No,Yes,No,Yes,Yes,No
881,5.05,Medium,F,Yes,32,No,No,No,No,No,No,No
882,4.65,Medium,F,No,43,Yes,Yes,Yes,No,Yes,Yes,Yes
883,8.47,Long,M,No,49,No,No,No,No,Yes,No,No
884,4.22,Long,M,Yes,49,No,Yes,No,No,No,Yes,No
885,6.83,Long,M,No,55,No,No,No,Yes,No,No,No
886,7.91,Medium,F,No,31,Yes,No,No,No,No,No,No
887,7.66,Medium,F,No,54,No,No,No,No,Yes,Yes,No
888,8.67,Medium,M,No,21,No,No,No,No,Yes,No,No
889,5.92,Short,M,Yes,21,Yes,No,No,No,Yes,No,No
890,9.17,Medium,M,No,42,Yes,Yes,Yes,No,No,Yes,No
891,8.39,Long,F,Yes,41,Yes,No,No,No,No,No,No
892,9.89,Long,F,No,36,No,No,No,No,No,Yes,No
893,3.89,Medium,M,Yes,36,No,No,No,No,No,Yes,No
894,6.71,Short,M,Yes,38,Yes,No,No,Yes,Yes,No,No
895,5.38,Medium,M,Yes,46,Yes,No,No,No,No,No,No
896,6.26,Long,F,Yes,51,No,No,No,No,No,No,No
897,7.01,Long,F,No,23,No,No,Yes,Yes,Yes,No,Yes
898,2.18,Medium,F,No,20,Yes,Yes,Yes,No,No,Yes,No
899,2.28,Medium,M,No,31,No,No,No,No,No,No,No
900,4.19,Long,F,Yes,20,Yes,No,No,No,No,No,No
901,6.67,Short,F,Yes,25,No,No,Yes,No,No,Yes,No
902,5.2,Long,F,Yes,55,No,Yes,No,No,No,No,No
903,8.34,Long,F,No,40,No,No,No,No,Yes,No,No
904,4.02,Medium,M,Yes,31,No,No,No,Yes,Yes,Yes,No
905,4.21,Medium,M,Yes,23,No,Yes,No,No,Yes,Yes,No
906,5.49,Long,F,No,32,No,No,Yes,No,Yes,No,No
907,4.64,Medium,F,Yes,21,No,No,No,No,No,Yes,No
908,5.82,Short,M,Yes,35,No,No,No,No,No,Yes,No
909,10.01,Medium,F,Yes,50,No,No,Yes,No,Yes,Yes,Yes
910,3.21,Short,F,Yes,27,No,No,No,No,Yes,No,No
911,8.76,Medium,M,No,20,Yes,No,No,No,No,No,No
912,6.39,Short,F,Yes,46,No,No,No,No,No,No,No
913,5.22,Short,M,Yes,25,Yes,Yes,No,No,Yes,No,No
914,3.24,Long,M,Yes,26,No,Yes,Yes,No,Yes,Yes,No
915,3.11,Short,F,No,33,No,No,No,No,No,No,No
916,10.03,Medium,F,No,25,Yes,No,No,No,Yes,No,No
917,7.97,Medium,M,No,24,Yes,No,No,Yes,No,No,No
918,5.58,Long,F,No,54,Yes,No,No,No,No,No,No
919,2.41,Short,M,No,44,No,No,No,No,No,No,No
920,4.13,Short,F,Yes,40,Yes,Yes,No,No,No,Yes,Yes
921,9.53,Short,M,No,33,Yes,No,No,Yes,Yes,No,Yes
922,4.46,Long,M,Yes,26,Yes,No,No,No,No,Yes,No
923,8.56,Long,M,Yes,38,No,No,No,No,No,No,No
924,8.57,Long,M,Yes,27,Yes,No,No,Yes,Yes,No,No
925,3.48,Medium,M,No,47,Yes,No,Yes,No,Yes,Yes,No
926,2.29,Medium,M,No,32,No,Yes,No,No,Yes,No,No
927,2.43,Long,M,Yes,23,No,No,No,No,No,No,No
928,2.85,Medium,F,Yes,34,Yes,Yes,Yes,No,No,Yes,No
929,7.62,Long,F,Yes,42,Yes,Yes,Yes,No,No,Yes,No
930,4.32,Medium,F,No,34,Yes,Yes,Yes,No,No,Yes,Yes
931,2.55,Long,M,No,49,Yes,Yes,No,No,No,Yes,No
932,2.56,Long,F,Yes,53,Yes,No,No,No,Yes,Yes,Yes
933,4.16,Medium,M,Yes,23,Yes,Yes,Yes,No,No,Yes,No
934,4.7,Short,M,No,31,Yes,No,No,No,No,No,No
935,2.43,Short,M,No,45,No,No,No,No,No,Yes,No
936,6.38,Long,F,Yes,21,No,Yes,No,No,No,No,No
937,8.51,Long,M,No,37,No,No,No,No,No,Yes,No
938,3.54,Long,F,No,50,Yes,No,No,Yes,Yes,No,No
939,2.88,Long,M,No,53,Yes,Yes,Yes,Yes,Yes,Yes,No
940,6.55,Long,M,No,49,No,No,No,No,No,No,No
941,3.95,Medium,M,Yes,54,No,No,No,No,No,No,No
942,5.97,Medium,F,Yes,49,Yes,No,Yes,No,Yes,No,No
943,8.98,Short,F,No,49,No,No,Yes,No,No,Yes,No
944,7.89,Medium,M,No,19,Yes,No,Yes,No,Yes,Yes,No
945,2.19,Long,M,No,26,No,No,No,No,No,Yes,No
946,8.66,Long,M,No,53,Yes,Yes,Yes,No,No,Yes,No
947,8.19,Medium,F,Yes,55,Yes,Yes,Yes,No,Yes,No,No
948,4.44,Medium,M,Yes,51,Yes,No,No,No,No,No,No
949,8.75,Medium,M,Yes,26,Yes,Yes,No,No,No,Yes,No
950,5.28,Long,M,No,28,No,No,No,No,Yes,No,Yes
951,8.66,Medium,F,Yes,47,Yes,Yes,No,No,No,Yes,Yes
952,6.05,Long,M,Yes,55,Yes,Yes,Yes,No,No,No,No
953,8.04,Medium,F,No,26,No,No,No,No,No,No,No
954,2.07,Long,F,Yes,27,No,No,No,No,No,No,No
955,4.69,Long,M,No,21,No,Yes,No,No,Yes,No,No
956,4.58,Medium,M,Yes,20,No,No,Yes,No,No,Yes,No
957,6.14,Long,M,No,32,No,No,No,No,Yes,No,No
958,5.4,Short,M,Yes,26,Yes,No,Yes,No,No,Yes,No
959,2.89,Long,M,Yes,36,No,No,No,No,No,Yes,No
960,7.73,Short,F,No,47,Yes,Yes,Yes,No,No,Yes,No
961,5.65,Long,F,No,32,Yes,No,No,No,Yes,No,No
962,3.15,Medium,M,No,29,No,No,No,Yes,No,No,No
963,7.23,Short,F,No,20,Yes,No,No,No,No,No,No
964,8.82,Long,M,Yes,33,Yes,Yes,No,No,No,Yes,Yes
965,4.21,Short,M,Yes,32,Yes,Yes,Yes,No,No,Yes,No
966,8.68,Short,M,Yes,39,Yes,No,Yes,No,Yes,Yes,No
967,3.77,Short,F,Yes,49,Yes,Yes,Yes,No,No,Yes,Yes
968,8.93,Medium,M,Yes,30,Yes,No,No,No,No,No,No
969,6.45,Long,M,Yes,28,Yes,No,No,No,Yes,No,No
970,8.96,Long,F,Yes,27,No,No,No,No,No,No,No
971,2.93,Long,M,No,22,No,No,No,No,No,No,Yes
972,7.41,Medium,F,Yes,48,No,No,No,No,Yes,No,No
973,5.54,Long,M,Yes,27,No,No,No,No,No,No,No
974,6.78,Long,M,Yes,43,Yes,No,No,No,No,Yes,No
975,4.58,Short,M,No,46,No,No,No,No,No,Yes,Yes
976,6.38,Long,M,No,17,No,No,No,No,Yes,No,No
977,6.15,Medium,F,No,48,No,No,No,No,No,No,No
978,5.09,Long,M,Yes,26,No,No,No,No,Yes,No,No
979,6.43,Long,M,Yes,34,No,No,No,No,No,No,No
980,3.02,Medium,F,No,50,Yes,Yes,Yes,No,No,Yes,No
981,5.85,Long,F,No,27,Yes,Yes,No,No,Yes,Yes,No
982,4,Medium,M,No,29,Yes,No,No,No,No,No,Yes
983,3.46,Short,M,No,23,Yes,No,No,No,No,No,Yes
984,5.21,Medium,M,Yes,52,Yes,Yes,No,No,No,Yes,No
985,5.64,Long,F,Yes,24,No,No,No,No,Yes,No,Yes
986,2.73,Medium,F,No,24,Yes,Yes,Yes,No,No,Yes,No
987,7.7,Medium,F,Yes,36,Yes,No,No,No,No,No,No
988,5.83,Short,M,Yes,23,Yes,No,Yes,Yes,No,Yes,No
989,8.72,Medium,F,Yes,47,Yes,Yes,No,No,No,Yes,No
990,6.26,Medium,M,No,53,Yes,No,Yes,No,No,No,No
991,8.87,Long,F,No,34,Yes,No,Yes,No,No,Yes,No
992,3.53,Medium,F,No,37,Yes,Yes,No,No,No,Yes,No
993,6.37,Short,M,Yes,34,No,No,No,No,No,No,No
994,7.13,Short,F,Yes,51,No,No,Yes,No,No,No,No
995,8.55,Short,M,Yes,41,No,Yes,Yes,No,Yes,Yes,No
996,9.51,Long,M,Yes,46,No,Yes,No,No,Yes,No,No
997,2.56,Short,M,Yes,26,No,No,No,No,Yes,No,No
998,5.97,Medium,F,No,37,No,No,No,No,No,Yes,No
999,7.02,Short,F,No,34,Yes,No,No,No,No,No,No
1000,6.53,Medium,F,No,26,No,Yes,Yes,No,No,No,No
1001,2.74,Short,F,No,46,Yes,No,No,No,Yes,No,No
1002,5.26,Long,F,No,57,Yes,No,No,No,No,Yes,No
1003,4.64,Short,M,Yes,47,No,Yes,No,Yes,No,No,No
1004,6.97,Long,F,No,50,No,No,No,No,Yes,No,No
1005,5,Medium,F,Yes,19,No,Yes,Yes,Yes,No,Yes,No
1006,2.75,Long,F,Yes,25,No,Yes,No,No,Yes,Yes,No
1007,9.39,Long,M,Yes,47,No,No,No,No,No,No,No
1008,5.79,Medium,F,No,29,No,Yes,No,No,No,Yes,Yes
1009,2.34,Long,F,Yes,27,No,No,No,No,No,No,No
1010,7.22,Short,M,No,51,No,No,No,Yes,Yes,No,Yes
1011,5.6,Long,F,No,50,No,No,No,No,No,No,No
1012,9.25,Long,F,Yes,55,No,No,No,No,No,No,No
1013,2.82,Medium,M,Yes,42,Yes,No,No,No,Yes,No,No
1014,7.55,Long,M,Yes,51,No,Yes,Yes,No,No,No,No
1015,6.57,Long,M,No,19,Yes,No,No,No,No,Yes,No
1016,2.89,Medium,F,No,24,No,No,No,No,No,No,No
1017,6.74,Medium,M,Yes,32,Yes,No,Yes,Yes,No,Yes,No
1018,5.54,Long,M,No,29,Yes,Yes,Yes,No,No,Yes,No
1019,3.07,Long,F,Yes,28,No,No,No,No,No,No,No
1020,9.26,Medium,M,No,36,No,Yes,Yes,Yes,No,Yes,Yes
1021,4.24,Medium,M,Yes,30,No,No,No,No,Yes,No,No
1022,5.03,Long,F,No,19,No,No,No,No,Yes,No,No
1023,8.75,Long,F,Yes,29,Yes,No,No,No,No,No,No
1024,4.99,Medium,F,No,22,Yes,Yes,No,No,Yes,Yes,Yes
1025,8.82,Long,F,No,33,Yes,No,No,No,Yes,No,Yes
1026,6.53,Long,M,Yes,33,No,No,No,No,No,No,No
1027,2.77,Medium,F,Yes,54,Yes,No,Yes,No,No,Yes,No
1028,4.58,Long,M,No,22,No,No,No,No,No,No,No
1029,7.3,Medium,F,Yes,30,No,No,No,No,No,No,No
1030,7.09,Short,F,Yes,52,No,No,No,No,No,No,Yes
1031,8.47,Long,M,No,26,Yes,No,No,No,No,No,No
1032,2.2,Short,M,Yes,53,Yes,No,No,No,No,No,No
1033,9.46,Long,M,No,34,No,No,No,No,No,No,No
1034,8.85,Medium,M,Yes,27,Yes,Yes,No,No,No,Yes,No
1035,6.63,Short,F,No,36,No,Yes,No,No,No,No,No
1036,8.45,Long,F,No,41,No,No,Yes,No,No,No,No
1037,5.21,Medium,F,Yes,35,Yes,Yes,Yes,No,No,Yes,No
1038,8.95,Short,F,No,33,Yes,No,No,No,No,No,No
1039,9.17,Long,F,Yes,30,No,No,No,Yes,Yes,No,No
1040,7.88,Short,F,Yes,25,Yes,No,No,No,Yes,Yes,No
1041,7.85,Short,F,Yes,29,Yes,No,No,No,Yes,No,No
1042,9.18,Long,M,No,50,No,No,No,No,No,No,Yes
1043,9.46,Short,F,Yes,34,No,Yes,No,Yes,No,Yes,Yes
1044,5.68,Long,M,No,41,No,No,No,No,No,Yes,No
1045,4.48,Long,M,Yes,43,No,No,No,No,No,No,Yes
1046,4.62,Long,M,No,27,No,No,No,No,Yes,No,No
1047,9.16,Long,M,No,36,Yes,No,No,No,No,No,No
1048,8.31,Long,F,Yes,27,Yes,Yes,No,Yes,Yes,Yes,Yes
1049,9.38,Long,M,No,32,No,Yes,No,No,No,No,Yes
1050,6.56,Medium,M,No,29,No,No,No,Yes,No,No,Yes
1051,5.22,Medium,F,Yes,34,Yes,No,No,No,No,No,No
1052,3.87,Medium,M,No,31,No,No,No,No,No,No,No
1053,6.42,Long,M,Yes,38,No,No,No,No,No,No,Yes
1054,6.61,Medium,F,No,42,Yes,Yes,Yes,Yes,Yes,Yes,Yes
1055,4.3,Short,M,Yes,34,No,No,No,No,Yes,No,Yes
1056,7.45,Medium,M,No,22,Yes,No,No,No,No,No,No
1057,3.76,Short,F,No,46,Yes,Yes,No,No,No,No,No
1058,4.52,Medium,M,Yes,53,Yes,Yes,Yes,Yes,No,Yes,No
1059,8.59,Long,F,Yes,47,No,Yes,No,No,No,Yes,No
1060,4.55,Short,M,No,34,Yes,Yes,No,No,No,Yes,No
1061,5.57,Short,M,No,22,No,No,No,No,Yes,No,No
1062,9.49,Medium,F,Yes,24,No,No,No,No,No,No,No
1063,8.09,Long,F,Yes,37,Yes,Yes,No,No,No,Yes,No
1064,7.7,Long,F,No,49,No,No,No,No,Yes,No,No
1065,3.82,Long,F,No,29,No,No,No,No,No,No,No
1066,6.54,Long,F,Yes,40,Yes,Yes,Yes,No,No,Yes,No
1067,4.83,Medium,M,No,25,No,No,No,No,No,No,No
1068,5.25,Medium,M,No,46,No,Yes,No,No,No,Yes,No
1069,5.07,Short,F,Yes,28,No,No,No,No,No,No,No
1070,2.57,Long,F,Yes,42,Yes,No,No,No,Yes,No,No
1071,6.94,Long,F,No,44,No,No,No,No,No,Yes,No
1072,3.13,Long,M,Yes,55,No,Yes,No,No,Yes,No,No
1073,6.14,Medium,M,Yes,35,No,No,No,No,No,No,No
1074,2.45,Short,M,Yes,42,Yes,No,No,No,No,No,No
1075,2.31,Long,F,Yes,25,No,No,No,No,No,No,No
1076,2.19,Short,F,Yes,24,No,No,No,No,Yes,No,Yes
1077,8.8,Medium,M,No,31,Yes,No,No,No,Yes,No,No
1078,8.44,Long,F,Yes,43,No,Yes,No,No,Yes,Yes,No
1079,6.08,Long,M,Yes,29,No,No,No,No,No,No,No
1080,7.78,Short,F,No,29,No,No,No,No,No,No,Yes
1081,5.5,Long,M,Yes,44,No,Yes,No,No,No,Yes,No
1082,6.57,Long,F,Yes,49,Yes,No,No,No,No,Yes,No
1083,6.25,Medium,M,Yes,44,Yes,No,No,No,No,No,No
1084,6.98,Long,M,Yes,36,Yes,No,No,No,No,Yes,No
1085,6.31,Long,M,Yes,53,Yes,Yes,No,No,No,Yes,No
1086,3.83,Short,F,No,33,No,Yes,Yes,No,Yes,Yes,No
1087,4.13,Long,M,Yes,19,No,No,No,No,No,Yes,No
1088,6.71,Short,M,No,53,Yes,Yes,Yes,No,No,Yes,No
1089,8.05,Long,M,No,33,No,No,No,No,Yes,No,No
1090,7.89,Medium,M,Yes,40,No,No,No,Yes,No,No,No
1091,2.3,Short,F,No,21,No,No,No,No,No,No,No
1092,5,Medium,M,No,43,No,No,No,No,No,No,No
1093,4.55,Long,M,No,29,No,Yes,No,No,No,Yes,No
1094,3.81,Medium,F,Yes,22,No,No,No,No,No,Yes,Yes
1095,2.31,Short,F,No,22,Yes,Yes,Yes,No,No,Yes,No
1096,4.47,Long,M,No,34,No,No,No,No,Yes,No,No
1097,9.69,Medium,M,Yes,44,No,No,No,No,Yes,No,No
1098,8.45,Medium,M,No,21,Yes,Yes,Yes,Yes,No,Yes,No
1099,3.47,Long,M,Yes,41,No,No,No,No,No,No,No
1100,5.8,Long,F,Yes,54,No,No,No,No,Yes,No,No
1101,8.15,Short,F,Yes,48,No,Yes,Yes,No,Yes,Yes,No
1102,3.66,Long,M,No,31,No,No,No,No,No,Yes,No
1103,5.08,Medium,F,No,34,No,No,No,No,Yes,No,No
1104,7.57,Short,M,Yes,42,Yes,No,No,No,No,No,No
1105,3.77,Short,M,Yes,56,Yes,Yes,No,No,No,Yes,Yes
1106,9.77,Medium,M,Yes,42,No,No,No,No,No,No,Yes
1107,2.57,Medium,M,Yes,51,Yes,Yes,No,No,Yes,Yes,Yes
1108,7.49,Medium,F,Yes,19,No,No,No,No,No,No,No
1109,8.69,Long,M,Yes,23,No,No,No,No,No,No,No
1110,2.32,Medium,F,No,17,No,No,No,No,No,Yes,No
1111,8.67,Long,F,No,56,No,No,No,No,Yes,No,No
1112,9.97,Long,F,No,37,Yes,Yes,No,No,Yes,Yes,No
1113,5.55,Long,M,Yes,27,No,No,No,No,No,No,No
1114,6.21,Medium,M,Yes,35,No,No,No,Yes,Yes,Yes,No
1115,7.39,Short,M,No,41,No,No,Yes,No,No,No,Yes
1116,8.02,Long,F,No,38,Yes,Yes,Yes,No,No,Yes,No
1117,2.82,Long,F,Yes,39,No,No,No,No,No,No,No
1118,5,Medium,F,No,32,Yes,Yes,Yes,No,No,Yes,No
1119,5.38,Medium,M,Yes,45,Yes,Yes,Yes,No,Yes,Yes,No
1120,4.83,Short,F,No,40,Yes,No,No,No,No,No,No
1121,8.26,Medium,F,Yes,36,Yes,No,No,No,No,No,No
1122,7.84,Long,F,Yes,50,No,No,No,No,Yes,No,No
1123,5.43,Short,F,Yes,25,No,No,No,No,Yes,No,No
1124,8.67,Medium,F,Yes,48,Yes,Yes,Yes,No,No,Yes,No
1125,7.24,Medium,F,Yes,31,Yes,Yes,No,No,No,Yes,No
1126,2.16,Short,F,Yes,45,No,No,Yes,No,Yes,Yes,No
1127,5.43,Medium,M,Yes,41,No,Yes,No,No,No,Yes,No
1128,8.19,Long,F,Yes,24,No,No,No,No,No,No,No
1129,6.05,Long,F,No,50,No,Yes,No,No,Yes,Yes,No
1130,5.04,Medium,F,No,20,No,No,Yes,No,No,No,No
1131,3.33,Long,F,No,24,No,Yes,Yes,Yes,No,Yes,Yes
1132,8.3,Medium,F,No,54,No,No,No,No,No,No,No
1133,6.85,Short,F,No,44,No,No,No,No,No,Yes,No
1134,2.44,Short,M,No,39,Yes,Yes,Yes,No,No,Yes,No
1135,2.21,Long,F,Yes,29,Yes,No,No,Yes,No,No,Yes
1136,4.36,Long,M,Yes,27,Yes,Yes,No,No,No,Yes,No
1137,9.64,Long,M,No,54,No,No,Yes,No,No,Yes,No
1138,4.83,Medium,F,No,40,Yes,No,No,No,Yes,Yes,No
1139,3.06,Long,F,Yes,52,No,No,No,Yes,No,No,No
1140,3.95,Long,M,Yes,46,Yes,No,No,No,Yes,No,No
1141,9.9,Medium,F,No,22,No,No,Yes,Yes,Yes,No,No
1142,7.84,Long,F,Yes,27,No,No,No,No,No,No,No
1143,4.87,Short,M,No,51,Yes,No,No,No,Yes,Yes,No
1144,7.32,Long,M,No,22,Yes,Yes,No,No,No,No,No
1145,4.37,Medium,F,Yes,27,Yes,No,No,No,No,No,No
1146,9.24,Medium,F,Yes,23,No,No,No,No,No,No,No
1147,7.15,Short,F,Yes,25,No,No,No,No,No,No,No
1148,7.29,Long,M,No,41,No,No,No,No,No,No,No
1149,7.62,Long,F,No,20,Yes,Yes,Yes,Yes,No,Yes,No
1150,5.64,Long,F,No,44,No,No,No,No,No,Yes,No
1151,3.54,Short,F,No,34,No,Yes,No,No,Yes,No,No
1152,5.6,Short,F,No,42,No,No,No,Yes,Yes,No,Yes
1153,7.05,Long,F,No,53,Yes,Yes,No,No,No,No,No
1154,3.27,Long,M,Yes,26,No,No,No,No,Yes,No,No
1155,5.97,Long,F,No,36,Yes,No,No,No,No,Yes,No
1156,3.22,Long,F,Yes,28,Yes,Yes,Yes,No,No,Yes,Yes
1157,4.97,Medium,M,No,45,No,No,No,No,Yes,No,No
1158,8.04,Long,M,No,46,No,No,No,No,No,No,No
1159,8.69,Medium,F,Yes,36,No,No,Yes,No,No,No,No
1160,5.37,Long,F,No,40,No,No,No,No,No,No,No
1161,5.25,Medium,F,Yes,32,No,No,No,Yes,No,No,Yes
1162,5.19,Short,F,Yes,29,Yes,Yes,No,No,No,Yes,No
1163,5.58,Long,F,Yes,55,No,No,No,No,No,No,No
1164,7.49,Medium,F,No,27,No,No,No,No,Yes,No,No
1165,2.27,Medium,F,No,24,Yes,Yes,No,No,Yes,Yes,No
1166,2.19,Long,M,No,23,Yes,Yes,Yes,No,No,Yes,No
1167,4.09,Long,M,Yes,23,No,No,No,No,No,No,No
1168,7.84,Short,F,Yes,38,No,No,No,No,Yes,Yes,No
1169,6.33,Long,M,Yes,28,No,No,No,No,No,Yes,No
1170,9.54,Short,M,No,38,No,Yes,No,Yes,No,Yes,No
1171,7.81,Long,F,Yes,35,Yes,No,No,No,Yes,No,No
1172,3.86,Long,M,Yes,28,No,No,No,No,No,No,No
1173,6.94,Long,F,Yes,47,Yes,No,No,No,Yes,No,No
1174,5.09,Long,M,Yes,30,Yes,No,No,Yes,No,Yes,No
1175,5.67,Short,F,Yes,40,No,No,No,No,No,No,Yes
1176,6.91,Long,F,Yes,43,No,No,No,No,No,No,No
1177,2.55,Medium,M,Yes,31,Yes,No,No,No,No,Yes,No
1178,3.71,Medium,M,No,42,No,No,No,No,No,No,No
1179,4.88,Long,F,No,44,Yes,No,No,No,No,Yes,No
1180,3.19,Long,M,No,40,No,Yes,Yes,No,No,Yes,No
1181,6.27,Long,F,Yes,54,No,No,No,No,No,No,Yes
1182,2.35,Medium,M,No,32,No,Yes,Yes,No,No,Yes,No
1183,3.76,Short,M,Yes,41,No,Yes,No,No,No,Yes,Yes
1184,5.13,Medium,M,Yes,46,No,No,No,No,No,No,No
1185,5.03,Medium,F,No,31,Yes,No,No,No,No,Yes,No
1186,5.08,Long,M,Yes,38,No,No,No,No,No,No,No
1187,6.75,Short,F,Yes,46,Yes,Yes,Yes,No,No,Yes,No
1188,2.22,Medium,M,Yes,43,Yes,Yes,No,No,Yes,Yes,No
1189,4.77,Long,F,Yes,50,Yes,Yes,Yes,No,No,Yes,No
1190,3.89,Medium,M,Yes,34,Yes,No,No,Yes,Yes,No,No
1191,5.23,Long,M,Yes,25,Yes,No,Yes,No,No,Yes,No
1192,8.76,Short,F,Yes,29,No,Yes,No,No,No,Yes,No
1193,2.34,Long,M,Yes,30,Yes,Yes,Yes,No,No,Yes,Yes
1194,6.41,Medium,F,No,30,No,No,No,Yes,No,No,No
1195,2.26,Medium,F,No,23,No,Yes,No,No,No,Yes,No
1196,2.36,Medium,M,No,31,Yes,Yes,No,No,Yes,No,No
1197,7.08,Long,F,No,26,No,Yes,No,No,No,No,No
1198,8.93,Long,M,Yes,44,No,No,No,No,No,Yes,No
1199,7.07,Medium,F,No,54,No,No,No,No,No,No,No
1200,8.01,Long,M,No,37,Yes,No,No,No,No,Yes,No
1201,7.43,Long,F,No,56,No,No,No,No,No,Yes,No
1202,3.36,Long,F,Yes,36,No,No,No,No,No,Yes,No
1203,9.25,Medium,F,Yes,22,Yes,No,No,No,No,No,Yes
1204,9.56,Short,M,No,32,Yes,Yes,No,No,No,Yes,No
1205,8.23,Medium,M,No,42,No,Yes,No,No,Yes,Yes,Yes
1206,9.57,Long,M,No,26,Yes,Yes,No,No,No,Yes,No
1207,3.25,Long,M,No,30,No,No,No,No,No,No,No
1208,7.25,Medium,F,Yes,52,Yes,No,No,No,No,No,No
1209,2.05,Short,F,No,43,No,No,No,No,Yes,No,Yes
1210,6.48,Medium,M,No,52,No,No,No,No,No,No,Yes
1211,7.05,Short,F,Yes,52,Yes,No,No,No,Yes,Yes,No
1212,4.84,Medium,M,No,30,No,Yes,No,No,Yes,Yes,No
1213,8.08,Medium,M,No,39,Yes,No,Yes,No,No,No,No
1214,9.83,Medium,M,No,29,No,No,No,No,Yes,No,No
1215,7.97,Long,M,No,17,Yes,No,No,No,No,No,No
1216,9.01,Long,F,No,47,Yes,No,No,No,No,No,No
1217,4.29,Medium,M,No,30,No,Yes,No,No,No,Yes,No
1218,7.54,Long,F,No,54,No,No,No,Yes,Yes,No,No
1219,5.43,Medium,M,Yes,49,Yes,Yes,No,Yes,Yes,Yes,No
1220,6.92,Long,F,Yes,42,Yes,Yes,No,No,No,Yes,No
1221,7.51,Long,F,Yes,48,Yes,No,No,No,No,No,No
1222,2.63,Long,F,Yes,51,No,No,No,No,Yes,No,No
1223,7.11,Short,F,No,51,No,Yes,Yes,No,Yes,Yes,No
1224,2.63,Medium,F,No,38,No,No,No,No,No,No,Yes
1225,4.87,Short,F,No,41,Yes,No,No,No,No,No,No
1226,8.98,Short,F,Yes,31,No,No,No,No,No,No,No
1227,8.32,Long,F,Yes,24,No,No,No,No,No,No,No
1228,5.24,Medium,F,No,35,Yes,No,No,No,Yes,No,No
1229,3.45,Long,F,No,49,No,No,No,No,No,No,No
1230,3.74,Medium,M,No,52,No,No,No,No,No,Yes,Yes
1231,6.88,Short,F,Yes,50,Yes,No,No,No,Yes,No,Yes
1232,2.17,Medium,M,Yes,52,No,No,No,No,Yes,No,Yes
1233,6.39,Short,M,Yes,31,No,Yes,No,No,No,No,No
1234,7.04,Medium,F,Yes,31,No,Yes,Yes,No,Yes,Yes,No
1235,8.37,Long,F,Yes,23,No,No,No,No,Yes,No,Yes
1236,7.31,Long,M,No,25,No,No,No,No,No,No,No
1237,8.83,Long,M,No,40,No,No,Yes,No,Yes,Yes,No
1238,2.36,Medium,F,No,22,Yes,No,No,No,No,No,No
1239,5.57,Long,F,Yes,25,No,No,No,No,Yes,No,No
1240,3.33,Long,M,No,41,Yes,Yes,No,No,Yes,Yes,No
1241,5.62,Long,F,No,22,No,Yes,Yes,No,No,Yes,No
1242,5.27,Short,F,No,52,No,No,No,No,No,No,No
1243,3.27,Long,M,Yes,26,No,No,No,No,No,No,Yes
1244,7.54,Medium,M,No,53,No,No,No,No,No,Yes,No
1245,5.01,Medium,F,No,42,No,Yes,No,No,No,No,Yes
1246,6.79,Medium,F,No,23,No,No,No,No,No,No,No
1247,6.69,Medium,F,No,26,Yes,No,No,No,No,No,No
1248,9.25,Long,F,No,22,No,No,No,No,No,No,Yes
1249,3.84,Medium,F,No,28,No,No,No,Yes,Yes,No,Yes
1250,10.05,Medium,M,Yes,28,Yes,No,Yes,No,No,No,No
1251,6.37,Short,M,Yes,35,Yes,No,No,Yes,Yes,No,Yes
1252,2.77,Long,F,Yes,44,No,No,No,Yes,Yes,Yes,No
1253,2.81,Short,M,Yes,23,Yes,No,No,No,No,No,Yes
1254,6.82,Medium,F,Yes,25,No,Yes,No,No,Yes,No,No
1255,3.18,Short,M,No,35,No,No,No,No,No,No,No
1256,8.65,Long,M,Yes,24,Yes,Yes,No,Yes,No,No,No
1257,7.48,Long,F,No,52,No,No,No,No,No,No,No
1258,9.64,Medium,M,No,42,Yes,No,No,No,No,Yes,No
1259,2.78,Short,M,Yes,26,No,Yes,No,No,No,Yes,No
1260,3.75,Medium,M,No,42,Yes,Yes,No,No,No,Yes,No
1261,8.38,Long,F,Yes,23,Yes,Yes,Yes,No,No,Yes,No
1262,3.93,Long,F,No,34,No,No,No,No,No,No,No
1263,4.34,Medium,M,Yes,26,No,No,No,No,No,Yes,No
1264,3.94,Medium,M,Yes,54,Yes,No,No,No,No,Yes,No
1265,6.42,Medium,M,Yes,43,Yes,Yes,No,No,No,No,Yes
1266,3.5,Short,F,No,36,No,No,No,No,No,No,No
1267,5.51,Short,M,No,21,Yes,Yes,No,No,Yes,Yes,No
1268,7.59,Short,F,No,50,No,No,No,No,No,Yes,No
1269,2.13,Short,F,Yes,47,No,No,No,No,Yes,Yes,No
1270,5.13,Short,F,Yes,28,Yes,Yes,No,No,No,Yes,No
1271,2.26,Long,M,No,20,No,No,No,No,No,No,No
1272,2.48,Medium,F,No,52,Yes,No,No,No,Yes,No,No
1273,7.53,Long,F,Yes,38,No,No,No,No,No,No,No
1274,2.82,Long,M,Yes,52,No,No,No,No,No,No,No
1275,7.19,Short,M,No,41,No,No,No,No,No,Yes,No
1276,7.59,Medium,M,No,32,No,Yes,Yes,No,No,Yes,No
1277,9.53,Short,M,Yes,27,Yes,Yes,No,No,No,Yes,No
1278,7.14,Medium,M,Yes,18,No,Yes,No,No,Yes,Yes,No
1279,6.7,Short,M,No,19,Yes,No,No,No,Yes,No,Yes
1280,7.32,Long,M,Yes,48,Yes,No,No,No,No,No,No
1281,6.13,Long,F,No,40,Yes,No,No,No,No,No,No
1282,2.9,Short,F,No,26,Yes,Yes,Yes,No,Yes,Yes,No
1283,9.32,Long,F,No,25,Yes,No,No,No,No,No,No
1284,2.19,Long,M,Yes,47,No,No,No,No,Yes,No,No
1285,2.67,Long,F,Yes,32,No,No,No,No,No,No,No
1286,3.47,Long,F,Yes,55,No,No,No,No,Yes,No,Yes
1287,5.37,Medium,M,Yes,30,No,Yes,No,No,No,Yes,No
1288,4.62,Long,F,Yes,52,Yes,No,No,No,No,No,No
1289,4.73,Long,F,Yes,27,No,No,No,No,No,No,No
1290,7.34,Long,F,Yes,46,Yes,Yes,Yes,No,Yes,Yes,No
1291,3.29,Long,M,No,41,No,No,No,No,No,Yes,No
1292,6.62,Medium,F,No,28,No,Yes,No,No,No,No,No
1293,9.62,Long,M,Yes,21,No,Yes,Yes,Yes,Yes,Yes,Yes
1294,3.96,Medium,M,No,27,No,Yes,No,No,Yes,Yes,No
1295,7.65,Medium,F,Yes,40,No,No,No,No,Yes,No,No
1296,5.24,Short,M,Yes,24,Yes,No,No,No,No,Yes,No
1297,5.78,Medium,F,No,41,No,Yes,No,No,No,Yes,No
1298,6.39,Long,F,Yes,22,No,No,No,No,No,No,No
1299,3.33,Long,M,No,52,Yes,No,No,No,No,No,No
1300,2.88,Short,F,Yes,55,Yes,Yes,No,No,No,Yes,No
1301,4.55,Long,M,No,30,No,No,No,No,No,Yes,No
1302,7.42,Long,M,No,30,Yes,No,No,Yes,No,Yes,No
1303,9.67,Short,F,No,31,No,No,No,No,Yes,No,Yes
1304,8.98,Medium,F,Yes,30,Yes,Yes,No,Yes,Yes,No,Yes
1305,2.14,Long,F,Yes,24,No,Yes,No,No,Yes,Yes,No
1306,7.36,Medium,F,No,31,No,No,No,No,No,Yes,No
1307,2.14,Medium,M,No,38,No,No,No,No,Yes,No,Yes
1308,6.66,Short,M,Yes,36,No,No,No,No,Yes,No,No
1309,3.96,Medium,F,Yes,37,No,No,No,No,No,No,No
1310,6.5,Medium,M,No,51,No,No,No,No,Yes,No,No
1311,6.14,Long,M,No,33,No,No,No,No,No,No,Yes
1312,2.54,Long,F,No,32,Yes,No,No,No,No,Yes,No
1313,7.21,Medium,F,Yes,30,No,No,No,No,Yes,No,No
1314,8.85,Long,M,Yes,30,Yes,No,Yes,No,No,No,No
1315,9.33,Long,F,Yes,50,No,No,No,No,Yes,No,No
1316,7.35,Long,M,No,23,No,Yes,No,No,No,Yes,No
1317,8.23,Long,F,Yes,48,No,No,No,No,No,Yes,No
1318,7.83,Long,F,Yes,42,No,Yes,No,No,Yes,No,No
1319,4.88,Medium,M,No,42,Yes,Yes,No,No,No,No,No
1320,3.31,Medium,F,Yes,26,Yes,No,No,No,No,Yes,No
1321,9.98,Long,M,Yes,22,No,Yes,No,No,No,No,No
1322,9.05,Medium,F,Yes,38,Yes,Yes,Yes,No,No,Yes,No
1323,8.52,Medium,F,No,21,No,No,No,No,No,No,No
1324,9.5,Medium,F,No,43,No,No,No,No,No,Yes,No
1325,7.9,Medium,M,Yes,37,Yes,No,Yes,No,Yes,Yes,No
1326,7.3,Short,F,Yes,26,No,No,No,No,No,Yes,No
1327,7.29,Long,M,Yes,51,Yes,No,No,No,No,Yes,No
1328,3.18,Short,M,No,36,No,No,No,No,No,No,No
1329,6.15,Short,M,Yes,42,No,No,Yes,No,No,Yes,No
1330,7.89,Short,M,Yes,35,Yes,Yes,Yes,No,No,Yes,No
1331,4.14,Short,F,Yes,32,No,No,Yes,No,No,No,No
1332,4.94,Medium,F,Yes,46,Yes,Yes,No,No,No,Yes,No
1333,9.23,Medium,M,No,47,No,Yes,No,No,Yes,Yes,No
1334,2.41,Medium,F,No,49,Yes,Yes,Yes,No,No,Yes,No
1335,9.91,Short,F,No,27,No,No,No,No,No,No,No
1336,7.92,Medium,M,Yes,38,No,No,Yes,No,Yes,No,Yes
1337,4.98,Medium,F,No,41,No,No,No,No,No,Yes,No
1338,6.51,Short,F,No,36,No,Yes,Yes,No,Yes,Yes,No
1339,6.64,Long,F,No,20,No,No,No,No,No,Yes,No
1340,8.99,Long,F,No,44,No,No,No,No,Yes,No,No
1341,3.39,Long,F,No,44,Yes,Yes,No,No,Yes,No,No
1342,8.57,Short,F,Yes,44,Yes,Yes,No,Yes,No,Yes,No
1343,5.37,Long,M,Yes,37,Yes,Yes,No,No,No,Yes,No
1344,5.02,Long,M,No,54,No,Yes,No,No,No,Yes,No
1345,7.38,Medium,F,Yes,45,No,No,No,No,Yes,No,No
1346,9.98,Medium,M,Yes,50,No,No,No,No,Yes,No,Yes
1347,8.16,Medium,M,No,45,No,No,No,No,Yes,No,No
1348,8.77,Long,F,Yes,42,No,Yes,No,No,No,Yes,No
1349,6.57,Medium,F,No,39,No,No,No,No,No,Yes,No
1350,7.37,Long,M,Yes,48,No,No,No,No,No,Yes,No
1351,3.5,Long,F,No,43,No,No,No,No,No,No,Yes
1352,2.32,Medium,M,Yes,29,Yes,Yes,Yes,No,No,Yes,No
1353,2.93,Medium,F,Yes,34,No,No,No,No,No,No,No
1354,4.12,Long,M,Yes,41,No,No,No,No,Yes,Yes,No
1355,8.42,Short,M,Yes,42,Yes,No,No,No,No,Yes,No
1356,8.36,Medium,F,Yes,54,No,No,No,Yes,No,No,No
1357,4.26,Long,M,Yes,25,Yes,No,Yes,No,No,Yes,No
1358,3.57,Medium,M,Yes,36,No,No,No,No,Yes,No,Yes
1359,2.57,Short,M,No,34,No,Yes,No,No,No,Yes,No
1360,6.56,Medium,M,No,55,No,Yes,No,No,No,Yes,No
1361,3.6,Medium,M,No,52,Yes,No,Yes,No,Yes,Yes,No
1362,2.7,Long,M,Yes,50,Yes,Yes,No,No,Yes,Yes,No
1363,6.74,Short,M,No,51,Yes,No,No,No,Yes,No,No
1364,7.26,Medium,F,No,21,No,No,No,No,No,No,No
1365,4.64,Short,M,Yes,47,No,No,No,No,Yes,No,No
1366,7.52,Long,F,No,56,No,No,No,No,No,No,No
1367,9.28,Medium,F,No,32,Yes,No,No,No,Yes,Yes,No
1368,4.73,Short,F,No,44,No,No,No,No,No,No,No
1369,9.71,Long,F,No,38,No,No,No,No,No,No,No
1370,4.75,Long,M,Yes,32,No,No,No,No,No,No,No
1371,2.18,Short,F,Yes,53,Yes,No,No,No,No,Yes,No
1372,2.3,Short,F,Yes,29,Yes,Yes,Yes,No,No,Yes,No
1373,5.79,Medium,F,No,26,Yes,No,No,No,No,No,No
1374,7.25,Long,M,No,49,Yes,No,No,No,No,No,No
1375,5.51,Long,F,Yes,39,Yes,Yes,No,No,No,Yes,No
1376,3.27,Medium,F,No,29,Yes,Yes,No,No,No,Yes,Yes
1377,6.38,Medium,M,No,24,No,Yes,No,No,No,Yes,No
1378,7.29,Long,M,No,34,No,Yes,No,No,Yes,No,No
1379,7.34,Long,M,No,39,No,No,No,No,No,Yes,No
1380,3.73,Medium,F,No,29,No,No,No,No,No,No,No
1381,9.42,Long,M,Yes,42,No,No,No,No,No,No,No
1382,7.18,Long,F,Yes,46,No,Yes,No,No,No,Yes,No
1383,6.1,Medium,M,Yes,36,Yes,Yes,Yes,No,No,Yes,No
1384,2.84,Medium,F,Yes,52,No,No,No,No,No,No,Yes
1385,7.58,Long,M,Yes,53,No,No,No,No,No,No,No
1386,8.14,Long,F,Yes,51,No,Yes,No,No,No,Yes,No
1387,5.3,Medium,M,No,26,No,No,No,No,No,No,No
1388,9.07,Medium,F,No,32,No,Yes,No,No,No,Yes,No
1389,2.09,Medium,M,Yes,43,Yes,Yes,No,No,No,Yes,No
1390,3.24,Long,M,Yes,56,No,Yes,No,No,No,Yes,Yes
1391,2.85,Medium,M,No,50,Yes,No,No,Yes,No,No,No
1392,2.81,Long,F,Yes,55,No,No,No,No,No,No,No
1393,7.08,Long,F,Yes,29,No,No,No,No,Yes,No,Yes
1394,2.79,Medium,M,Yes,53,No,No,No,No,No,No,No
1395,8.58,Medium,F,No,47,No,No,No,No,No,No,No
1396,2.86,Long,M,Yes,54,No,Yes,No,No,No,No,No
1397,9.39,Long,F,No,41,No,No,No,No,Yes,No,No
1398,3.17,Long,F,Yes,46,No,No,No,No,No,Yes,No
1399,4.24,Short,F,Yes,43,Yes,No,No,Yes,Yes,No,No
1400,4.8,Medium,F,Yes,50,Yes,Yes,No,Yes,Yes,Yes,No
1401,3.43,Short,F,No,53,No,Yes,No,No,No,Yes,No
1402,5.16,Medium,M,Yes,45,Yes,No,No,No,No,No,No
1403,6.95,Long,F,Yes,36,No,No,No,No,No,No,No
1404,4.66,Medium,M,No,46,No,No,No,No,Yes,No,No
1405,4.75,Long,M,Yes,53,No,Yes,No,No,No,No,No
1406,5.69,Long,M,No,30,Yes,Yes,Yes,No,No,Yes,Yes
1407,2.2,Medium,F,No,28,No,Yes,Yes,No,No,Yes,No
1408,5.49,Medium,M,Yes,20,Yes,No,No,No,No,No,No
1409,7.51,Long,F,No,22,No,No,No,No,No,No,Yes
1410,2.66,Short,F,No,47,No,No,No,No,Yes,Yes,No
1411,7.17,Short,M,No,55,No,No,No,No,Yes,No,No
1412,2.28,Long,M,Yes,37,No,Yes,No,Yes,No,Yes,No
1413,7.12,Long,F,No,22,Yes,Yes,No,No,No,Yes,No
1414,5.76,Long,F,Yes,51,No,No,No,No,No,No,No
1415,3.19,Short,F,No,57,No,No,No,No,No,Yes,No
1416,4.48,Medium,M,Yes,24,No,No,Yes,No,No,No,No
1417,8.02,Medium,M,No,31,No,Yes,No,No,No,Yes,No
1418,3.95,Long,M,Yes,29,No,No,No,Yes,Yes,No,Yes
1419,3.74,Long,F,Yes,39,Yes,No,No,No,No,No,No
1420,6.26,Medium,F,Yes,40,Yes,No,No,No,Yes,Yes,No
1421,7.67,Long,F,No,34,No,No,No,No,No,No,No
1422,4.75,Short,M,No,51,No,No,No,No,No,No,No
1423,3.39,Long,F,Yes,38,Yes,No,No,No,Yes,No,No
1424,5.51,Long,M,Yes,23,Yes,Yes,No,No,No,Yes,No
1425,3.9,Long,M,Yes,46,No,No,Yes,No,No,Yes,No
1426,2.48,Long,F,No,31,No,No,No,No,No,No,No
1427,6.48,Medium,M,Yes,32,No,No,No,No,No,No,No
1428,9.37,Medium,M,Yes,51,No,Yes,No,No,No,Yes,Yes
1429,5.13,Medium,F,No,39,No,No,No,No,Yes,No,No
1430,4.55,Medium,F,No,27,No,No,No,No,Yes,No,No
1431,4.87,Short,F,No,45,No,No,Yes,Yes,No,Yes,No
1432,7.61,Medium,M,No,50,No,No,No,No,No,Yes,No
1433,9.51,Short,M,Yes,48,Yes,No,No,No,Yes,No,No
1434,9.25,Short,F,No,49,No,No,No,No,Yes,No,No
1435,7.08,Long,F,Yes,33,Yes,Yes,No,No,No,No,No
1436,5.44,Medium,M,Yes,42,No,Yes,No,No,Yes,Yes,No
1437,8.66,Medium,M,No,31,Yes,No,No,No,Yes,Yes,No
1438,4.56,Long,M,Yes,46,Yes,Yes,No,No,Yes,Yes,No
1439,5.05,Short,F,Yes,29,Yes,Yes,Yes,No,Yes,Yes,Yes
1440,9.86,Long,M,Yes,22,Yes,Yes,Yes,No,Yes,Yes,No
1441,4.57,Medium,F,No,48,No,Yes,Yes,Yes,No,Yes,No
1442,8.84,Medium,M,No,48,No,No,No,No,Yes,Yes,No
1443,8.87,Long,F,No,45,Yes,Yes,Yes,No,No,Yes,No
1444,8.34,Long,F,No,51,No,No,No,No,No,Yes,No
1445,7.05,Short,M,Yes,35,No,Yes,No,Yes,Yes,Yes,No
1446,5.97,Long,F,No,36,No,No,No,No,Yes,No,No
1447,5.41,Long,F,No,38,Yes,Yes,Yes,No,Yes,Yes,Yes
1448,8.01,Long,M,No,52,No,Yes,No,No,Yes,Yes,No
1449,4.52,Long,M,No,22,Yes,No,No,No,No,No,Yes
1450,3.08,Short,F,No,37,Yes,No,No,No,Yes,No,No
1451,5.27,Medium,F,No,31,Yes,No,No,No,Yes,Yes,No
1452,8.49,Long,M,Yes,22,No,No,No,No,No,No,No
1453,6.26,Medium,M,No,52,Yes,Yes,Yes,No,Yes,Yes,Yes
1454,7.43,Long,F,Yes,50,No,No,No,No,Yes,Yes,No
1455,2.98,Long,M,No,49,No,No,No,No,No,Yes,No
1456,6.65,Long,M,Yes,39,No,No,No,No,No,No,No
1457,5.39,Long,M,Yes,35,Yes,No,No,Yes,Yes,No,No
1458,7.24,Medium,F,Yes,32,No,No,No,No,No,Yes,No
1459,9.84,Medium,M,Yes,39,No,Yes,Yes,No,No,Yes,No
1460,5.5,Long,F,Yes,53,No,No,No,No,No,No,No
1461,3.63,Medium,M,No,43,Yes,No,No,No,No,No,No
1462,8.81,Medium,M,No,24,No,No,No,Yes,Yes,No,No
1463,4.24,Medium,F,No,42,Yes,Yes,No,No,No,Yes,No
1464,5.55,Medium,M,Yes,45,No,No,No,No,No,No,No
1465,6.16,Long,F,No,52,No,Yes,Yes,Yes,Yes,Yes,Yes
1466,3.63,Long,M,Yes,43,Yes,Yes,No,No,No,Yes,No
1467,7.95,Short,M,No,29,No,No,No,No,No,No,Yes
1468,9.97,Short,M,No,54,Yes,No,Yes,No,No,Yes,No
1469,2.8,Medium,F,Yes,45,Yes,No,No,No,No,No,No
1470,2.25,Medium,F,Yes,38,No,No,No,No,No,No,No
1471,3.32,Medium,F,No,25,No,No,No,No,No,Yes,No
1472,7.5,Short,M,No,42,No,No,No,No,No,No,No
1473,9.83,Medium,M,Yes,44,No,No,No,No,No,No,No
1474,4.34,Long,F,No,53,Yes,Yes,No,No,No,Yes,Yes
1475,4.53,Medium,F,No,48,No,Yes,Yes,No,No,Yes,No
1476,2.39,Medium,M,No,21,No,No,No,No,No,No,No
1477,2.98,Long,F,Yes,54,No,No,No,No,Yes,No,No
1478,2.45,Long,M,Yes,38,Yes,No,Yes,No,Yes,No,Yes
1479,3.31,Long,M,No,40,Yes,No,No,No,No,Yes,Yes
1480,3.57,Long,F,No,17,No,No,No,No,No,No,Yes
1481,9.32,Long,F,Yes,50,No,No,No,No,No,Yes,No
1482,4.76,Medium,F,Yes,52,Yes,No,Yes,No,Yes,No,No
1483,5.03,Medium,F,Yes,45,No,No,No,No,No,No,No
1484,5.07,Long,M,Yes,29,No,No,No,No,Yes,Yes,No
1485,7.48,Long,M,Yes,28,Yes,No,No,No,No,No,No
1486,5.04,Long,M,Yes,34,No,No,No,No,No,No,No
1487,9.05,Short,F,Yes,50,No,Yes,No,No,No,Yes,No
1488,8.95,Long,M,No,30,No,No,No,No,No,No,No
1489,2.66,Medium,F,Yes,51,Yes,No,No,No,Yes,No,No
1490,9.32,Medium,M,Yes,51,No,Yes,Yes,Yes,No,Yes,No
1491,2.04,Medium,M,No,40,No,Yes,No,No,No,No,No
1492,3.8,Medium,F,Yes,23,No,No,No,No,Yes,No,Yes
1493,4.57,Short,F,Yes,24,No,No,No,No,No,No,No
1494,4.12,Long,M,No,40,No,No,No,No,No,No,Yes
1495,8.61,Long,M,No,55,No,Yes,Yes,No,No,Yes,No
1496,2.18,Long,F,Yes,25,Yes,No,Yes,No,No,Yes,No
1497,5.31,Long,F,No,33,Yes,No,No,No,No,No,No
1498,3.75,Short,F,No,36,No,Yes,No,No,No,Yes,No
1499,5.25,Long,F,Yes,43,No,No,No,No,Yes,No,No
1500,10.15,Medium,F,No,25,Yes,Yes,Yes,No,Yes,Yes,Yes
1501,3.08,Long,M,Yes,42,No,Yes,Yes,Yes,Yes,Yes,Yes
1502,9.51,Short,M,No,48,No,No,No,No,No,No,No
1503,4.55,Medium,M,No,46,No,No,No,No,No,No,No
1504,7.66,Long,F,No,17,No,No,No,No,No,Yes,No
1505,4.19,Long,M,Yes,22,No,No,No,No,No,Yes,No
1506,4.6,Long,F,Yes,31,No,No,No,No,No,No,No
1507,8.48,Long,M,No,51,No,No,No,No,No,No,No
1508,8.3,Medium,M,Yes,28,Yes,Yes,No,No,No,Yes,No
1509,3.18,Short,M,No,22,Yes,No,No,No,Yes,No,Yes
1510,8.82,Long,F,Yes,23,No,No,No,No,No,No,No
1511,3.19,Long,F,Yes,29,No,No,No,No,Yes,No,No
1512,6.4,Medium,F,No,25,No,No,No,No,No,No,No
1513,2.32,Short,M,Yes,40,No,Yes,No,No,No,No,No
1514,3.54,Long,M,Yes,44,Yes,No,No,No,No,No,No
1515,5.55,Short,F,No,39,No,Yes,Yes,No,Yes,Yes,No
1516,4.12,Long,M,Yes,21,No,No,No,No,No,No,No
1517,7.39,Long,M,No,39,Yes,Yes,No,No,No,Yes,No
1518,8.84,Medium,F,Yes,38,No,No,No,Yes,No,No,No
1519,4.8,Short,F,No,43,No,No,No,No,Yes,No,No
1520,5.24,Medium,F,No,44,No,No,No,No,Yes,No,No
1521,6.2,Medium,F,No,49,No,No,No,No,No,Yes,No
1522,5.55,Long,F,No,43,Yes,Yes,No,No,Yes,Yes,No
1523,6.39,Medium,M,No,49,No,No,No,No,No,Yes,No
1524,3.95,Medium,M,Yes,54,Yes,No,No,No,No,Yes,No
1525,9.16,Long,F,Yes,41,No,No,Yes,Yes,Yes,No,No
1526,7.27,Long,M,No,33,No,No,No,No,No,Yes,No
1527,2.71,Short,M,Yes,26,No,No,No,No,No,No,No
1528,3.91,Long,M,Yes,23,No,No,No,No,No,Yes,Yes
1529,4.89,Short,M,Yes,48,Yes,No,No,No,Yes,No,Yes
1530,9.86,Medium,M,Yes,22,Yes,Yes,No,No,No,Yes,No
1531,7.84,Medium,M,No,25,No,No,No,No,No,No,No
1532,9.13,Long,M,Yes,51,Yes,Yes,Yes,No,Yes,Yes,No
1533,4.51,Medium,M,Yes,19,No,No,No,Yes,No,No,No
1534,4.52,Medium,F,No,50,Yes,Yes,No,No,No,No,No
1535,4.34,Long,M,No,53,No,No,No,Yes,No,No,No
1536,9.15,Long,F,Yes,47,Yes,Yes,Yes,No,Yes,Yes,No
1537,5.83,Medium,M,No,40,No,No,No,No,No,No,No
1538,2.37,Short,M,Yes,41,Yes,Yes,Yes,No,No,Yes,No
1539,8.2,Medium,F,Yes,28,No,No,No,No,No,No,No
1540,7.37,Long,F,Yes,51,No,Yes,Yes,No,No,No,No
1541,8.02,Short,M,Yes,33,Yes,No,Yes,No,Yes,No,No
1542,4.16,Medium,F,No,43,No,No,No,No,No,No,No
1543,7.83,Long,M,No,23,Yes,No,No,No,No,Yes,No
1544,3.83,Long,M,Yes,25,Yes,No,No,No,Yes,Yes,No
1545,5.97,Medium,F,Yes,45,Yes,No,Yes,No,Yes,Yes,No
1546,3.37,Medium,F,Yes,30,No,No,No,No,No,No,No
1547,4.44,Short,M,No,51,Yes,No,No,No,No,Yes,No
1548,7.31,Medium,F,Yes,29,Yes,Yes,Yes,No,Yes,Yes,No
1549,7.83,Long,M,No,27,No,No,No,No,No,No,No
1550,2.13,Short,M,Yes,50,Yes,No,No,Yes,No,Yes,No
1551,9.78,Short,M,Yes,48,Yes,Yes,Yes,No,No,Yes,No
1552,6.43,Long,M,Yes,23,Yes,Yes,Yes,No,No,Yes,No
1553,7.29,Medium,M,No,39,No,No,No,No,Yes,No,No
1554,2.73,Short,F,No,44,Yes,No,No,No,No,Yes,No
1555,8.27,Long,F,No,55,Yes,Yes,No,No,No,Yes,No
1556,8.6,Medium,M,Yes,35,Yes,Yes,Yes,No,No,Yes,Yes
1557,4.47,Long,F,No,53,No,Yes,Yes,No,No,Yes,No
1558,4.57,Medium,M,Yes,21,No,No,No,No,No,No,No
1559,9.48,Long,F,Yes,33,Yes,Yes,No,No,No,Yes,Yes
1560,3.44,Long,F,No,48,Yes,No,No,Yes,No,Yes,Yes
1561,2.59,Medium,F,No,37,No,No,No,No,Yes,No,No
1562,2.76,Long,M,Yes,52,No,No,No,No,No,No,No
1563,2.17,Long,F,No,39,No,No,No,No,Yes,No,No
1564,8.05,Medium,M,Yes,43,Yes,Yes,No,No,No,No,No
1565,2.23,Long,F,Yes,26,Yes,Yes,Yes,No,Yes,No,No
1566,9.78,Medium,F,Yes,56,Yes,Yes,Yes,Yes,No,Yes,No
1567,7.63,Short,F,No,46,No,No,No,No,No,Yes,No
1568,9.38,Long,F,No,41,No,No,No,No,Yes,No,No
1569,7.73,Long,F,No,32,Yes,Yes,No,No,Yes,Yes,No
1570,8.82,Long,F,Yes,34,No,No,No,No,Yes,No,No
1571,7.04,Medium,M,Yes,29,No,Yes,No,No,No,Yes,No
1572,3.93,Short,M,No,42,No,No,No,No,No,No,No
1573,9.42,Medium,F,Yes,55,Yes,Yes,Yes,No,No,Yes,No
1574,2.16,Long,F,No,43,No,No,No,No,Yes,No,No
1575,3.36,Short,M,No,17,Yes,No,No,No,No,No,No
1576,9.81,Long,M,Yes,29,No,No,No,No,No,No,No
1577,5.18,Medium,F,Yes,30,Yes,Yes,No,No,No,No,No
1578,5.73,Long,M,No,32,No,No,No,Yes,Yes,No,No
1579,6.32,Short,M,No,34,No,No,No,No,No,Yes,No
1580,8.56,Short,M,Yes,43,No,No,No,No,No,No,No
1581,7.7,Long,M,No,36,No,No,No,Yes,No,No,Yes
1582,7.03,Long,F,Yes,46,No,No,No,No,No,No,No
1583,7.27,Long,M,Yes,54,Yes,No,No,No,No,Yes,No
1584,3.96,Long,F,Yes,46,No,No,No,No,Yes,No,No
1585,9.57,Long,M,No,29,Yes,No,No,No,No,Yes,No
1586,6.65,Medium,F,Yes,45,Yes,Yes,No,No,No,Yes,No
1587,3.52,Medium,F,No,25,Yes,Yes,No,No,No,Yes,Yes
1588,6.34,Short,F,No,38,No,Yes,No,No,No,No,No
1589,8.2,Medium,M,No,44,No,No,No,No,No,No,No
1590,2.57,Long,F,No,21,Yes,Yes,Yes,No,Yes,No,No
1591,7.35,Medium,F,Yes,48,No,No,No,No,Yes,No,No
1592,4.33,Medium,M,Yes,35,Yes,No,No,No,No,No,No
1593,9.18,Medium,F,Yes,21,Yes,Yes,Yes,Yes,Yes,Yes,Yes
1594,4.04,Long,M,Yes,46,No,No,No,No,No,No,No
1595,2.09,Long,M,Yes,49,No,No,No,No,No,No,No
1596,4.57,Medium,M,Yes,26,Yes,Yes,Yes,No,No,Yes,No
1597,5.04,Short,F,No,50,No,No,No,No,No,No,No
1598,3.49,Medium,M,No,45,No,No,No,Yes,No,No,No
1599,5.98,Short,M,Yes,55,No,No,No,No,No,No,No
1600,4.3,Long,M,Yes,20,No,No,No,No,No,No,No
1601,8.36,Medium,F,Yes,33,Yes,No,No,Yes,No,No,Yes
1602,2.27,Long,F,No,36,Yes,No,Yes,No,No,No,No
1603,3.07,Medium,M,No,28,No,No,No,No,No,Yes,Yes
1604,8.2,Short,F,Yes,26,Yes,No,No,No,No,Yes,No
1605,7.54,Long,F,No,41,Yes,No,No,No,No,No,No
1606,6.33,Long,M,Yes,22,No,No,No,No,No,No,No
1607,5.61,Long,F,No,32,Yes,No,No,Yes,No,Yes,No
1608,10.01,Short,F,Yes,53,No,No,No,No,No,Yes,No
1609,7.8,Short,F,No,32,No,Yes,No,Yes,No,No,No
1610,3.07,Medium,F,Yes,25,No,No,No,No,No,No,No
1611,7.19,Short,F,Yes,27,Yes,No,No,No,No,No,No
1612,4.29,Short,M,Yes,23,No,No,No,No,No,No,No
1613,9.46,Medium,F,Yes,31,No,No,No,No,No,No,No
1614,5.86,Long,M,No,30,Yes,No,No,No,No,No,No
1615,3.45,Long,F,Yes,35,No,No,No,No,No,No,No
1616,9.89,Medium,F,Yes,28,Yes,Yes,No,No,No,Yes,No
1617,6.39,Medium,M,No,52,Yes,Yes,No,Yes,No,Yes,No
1618,8.58,Medium,F,No,45,Yes,No,No,No,No,No,No
1619,5.9,Medium,F,No,35,No,No,No,No,Yes,No,No
1620,5.46,Short,F,Yes,29,No,No,No,No,No,No,No
1621,7.16,Medium,M,Yes,46,No,No,No,No,No,No,No
1622,7.64,Medium,F,No,45,No,No,No,No,No,No,No
1623,3.89,Medium,M,Yes,35,Yes,Yes,Yes,Yes,Yes,Yes,Yes
1624,7.79,Medium,F,Yes,37,Yes,Yes,No,No,No,Yes,Yes
1625,2.61,Medium,M,Yes,50,Yes,Yes,No,No,No,Yes,No
1626,8.5,Long,M,No,25,Yes,No,No,No,Yes,No,Yes
1627,3.69,Short,F,Yes,21,No,No,No,No,No,Yes,No
1628,10.05,Long,F,Yes,21,No,No,No,No,No,No,No
1629,6.19,Long,M,No,20,Yes,No,No,No,No,No,No
1630,6.94,Medium,M,Yes,26,Yes,Yes,Yes,Yes,Yes,Yes,Yes
1631,3.73,Short,M,Yes,57,No,No,No,No,Yes,No,No
1632,6.63,Short,F,No,39,Yes,No,Yes,No,No,No,No
1633,6.04,Medium,F,Yes,49,No,No,No,No,Yes,No,No
1634,5.79,Medium,M,No,26,Yes,No,Yes,No,No,No,No
1635,6.32,Short,F,No,33,No,No,No,No,No,No,No
1636,7.1,Long,F,Yes,49,Yes,No,No,No,No,No,No
1637,5.86,Medium,M,No,38,Yes,No,No,No,Yes,No,No
1638,7.03,Short,F,Yes,51,No,No,No,No,No,No,No
1639,3.65,Medium,M,No,52,No,No,No,No,No,No,No
1640,4.36,Long,M,Yes,24,Yes,Yes,No,No,No,Yes,No
1641,3.6,Medium,M,No,55,No,No,No,No,Yes,No,No
1642,4.33,Medium,M,Yes,39,Yes,Yes,Yes,No,No,Yes,Yes
1643,5.14,Long,M,Yes,47,No,Yes,No,No,Yes,No,No
1644,4.02,Short,M,No,27,Yes,Yes,Yes,No,No,Yes,No
1645,5.49,Short,M,No,24,No,No,No,No,No,Yes,No
1646,7.46,Long,M,No,39,Yes,Yes,No,No,No,Yes,No
1647,3.96,Medium,M,Yes,54,No,No,No,No,No,No,No
1648,3.14,Short,M,Yes,36,Yes,No,No,No,Yes,Yes,No
1649,5.62,Medium,M,No,23,No,No,No,No,Yes,No,No
1650,3.23,Medium,M,Yes,38,No,No,No,No,No,No,Yes
1651,8.22,Medium,M,Yes,41,No,No,No,No,Yes,No,No
1652,2.96,Long,F,Yes,54,Yes,Yes,No,No,Yes,Yes,No
1653,7.29,Long,M,No,24,Yes,No,Yes,No,No,No,No
1654,7.41,Long,M,No,40,No,No,No,No,No,No,No
1655,9.95,Short,F,No,33,No,Yes,No,No,No,Yes,No
1656,3.6,Medium,M,No,39,No,No,No,No,No,Yes,No
1657,5.44,Long,F,Yes,52,Yes,No,No,Yes,No,No,Yes
1658,6.2,Short,F,No,42,No,No,No,No,Yes,No,No
1659,7.66,Long,M,Yes,26,No,Yes,No,No,Yes,Yes,No
1660,7.72,Short,F,No,26,Yes,No,No,No,No,No,No
1661,3.92,Long,M,Yes,49,Yes,No,No,No,No,No,No
1662,2.81,Long,M,No,34,Yes,Yes,No,Yes,Yes,Yes,No
1663,2.19,Long,F,Yes,33,No,No,No,No,No,No,No
1664,8.37,Long,F,No,22,No,Yes,No,No,No,Yes,No
1665,5.98,Medium,F,No,25,Yes,No,No,No,No,No,No
1666,3.82,Medium,M,Yes,52,No,No,No,No,Yes,No,No
1667,2.16,Long,F,No,37,No,No,No,No,No,No,No
1668,9.88,Long,M,Yes,23,No,Yes,No,No,Yes,Yes,No
1669,3.85,Medium,F,Yes,24,Yes,Yes,No,No,No,No,No
1670,7.23,Short,F,Yes,29,Yes,Yes,No,No,Yes,Yes,No
1671,2.85,Short,F,No,31,Yes,Yes,Yes,No,No,Yes,No
1672,4.39,Long,M,No,32,Yes,Yes,No,No,No,Yes,No
1673,7.58,Short,F,Yes,46,No,No,No,No,No,Yes,No
1674,6.01,Medium,M,Yes,36,Yes,Yes,Yes,No,Yes,Yes,No
1675,8.23,Medium,M,Yes,36,Yes,Yes,Yes,No,No,Yes,No
1676,4.43,Medium,F,No,49,No,No,Yes,No,Yes,No,Yes
1677,9.35,Long,M,No,34,Yes,No,Yes,Yes,No,No,Yes
1678,8.19,Long,F,Yes,21,No,No,No,No,No,No,No
1679,4.44,Medium,M,Yes,54,Yes,No,No,No,No,No,No
1680,9.23,Medium,M,No,51,No,No,No,No,No,No,No
1681,4.23,Long,M,Yes,18,Yes,No,No,No,No,Yes,No
1682,7.58,Medium,M,No,47,No,No,No,No,No,Yes,No
1683,7.11,Medium,F,Yes,29,No,No,No,Yes,No,No,Yes
1684,2.34,Long,F,Yes,23,No,No,No,No,No,No,No
1685,8.87,Medium,M,No,31,No,Yes,No,No,Yes,Yes,No
1686,5.58,Medium,F,Yes,43,No,Yes,No,Yes,No,No,No
1687,6.9,Medium,F,Yes,43,No,No,No,No,No,Yes,No
1688,8.02,Long,F,Yes,36,Yes,Yes,No,No,No,No,No
1689,6.89,Medium,M,Yes,28,No,Yes,No,No,No,Yes,Yes
1690,8.12,Medium,M,No,41,Yes,No,No,No,Yes,No,No
1691,6.75,Medium,F,No,40,No,No,No,No,No,No,No
1692,2.99,Medium,M,Yes,24,No,No,No,No,No,No,No
1693,7.58,Medium,M,No,48,Yes,Yes,No,No,No,Yes,No
1694,3.17,Medium,F,No,23,No,No,No,No,No,Yes,No
1695,2.24,Long,M,Yes,37,Yes,No,No,No,No,Yes,No
1696,8.15,Long,M,Yes,38,Yes,No,Yes,No,No,No,No
1697,4.58,Long,M,No,18,No,No,No,No,No,No,No
1698,6.26,Long,M,No,32,No,No,No,No,No,Yes,No
1699,2.25,Medium,F,No,23,No,No,No,No,No,No,No
1700,5.45,Long,F,Yes,26,Yes,Yes,Yes,No,No,Yes,Yes
1701,2.19,Medium,M,No,37,Yes,No,No,No,No,No,No
1702,8.81,Long,F,No,22,No,No,No,No,Yes,No,No
1703,3.04,Long,M,Yes,26,No,No,No,No,Yes,Yes,No
1704,9.74,Short,M,No,41,Yes,No,No,No,No,Yes,Yes
1705,8.36,Long,M,No,49,No,Yes,No,No,No,Yes,Yes
1706,2.56,Medium,M,Yes,34,Yes,Yes,No,No,Yes,Yes,No
1707,9.8,Medium,F,No,50,No,No,No,No,Yes,No,No
1708,5.21,Medium,M,Yes,44,No,No,No,No,No,No,No
1709,2.82,Medium,F,No,22,Yes,No,No,No,Yes,Yes,Yes
1710,9.06,Medium,M,No,30,Yes,Yes,Yes,No,No,Yes,No
1711,6.34,Long,M,No,34,Yes,No,No,No,Yes,No,No
1712,6.79,Long,F,Yes,44,Yes,No,No,No,Yes,No,No
1713,2.48,Long,F,No,33,Yes,Yes,Yes,No,No,Yes,No
1714,8.97,Long,F,No,44,No,No,Yes,No,No,Yes,No
1715,8.56,Long,M,No,39,Yes,Yes,Yes,No,No,No,No
1716,3.53,Short,F,No,21,Yes,Yes,No,No,No,No,No
1717,7.29,Short,F,Yes,26,Yes,No,No,No,No,No,No
1718,9.48,Long,F,No,40,No,No,No,No,Yes,No,No
1719,8.01,Long,M,Yes,19,Yes,No,No,No,No,No,No
1720,7.05,Short,F,No,37,No,No,No,No,Yes,No,No
1721,9.52,Short,F,Yes,35,No,No,No,No,Yes,No,No
1722,3.67,Medium,M,No,42,No,No,No,No,No,No,No
1723,6.05,Medium,F,Yes,23,Yes,No,No,No,No,Yes,No
1724,6.77,Medium,M,Yes,31,Yes,Yes,Yes,No,No,Yes,No
1725,7.42,Medium,F,Yes,44,No,No,No,No,No,No,No
1726,8.32,Long,M,Yes,46,Yes,No,No,No,Yes,No,No
1727,4.05,Short,M,No,40,No,Yes,Yes,No,No,Yes,No
1728,2.11,Long,M,Yes,47,Yes,Yes,No,No,Yes,Yes,No
1729,2.92,Medium,M,Yes,43,No,No,No,No,No,Yes,No
1730,6.12,Long,F,No,47,No,No,No,No,Yes,No,No
1731,5.9,Short,M,No,21,No,No,No,No,No,No,No
1732,5.43,Long,F,Yes,26,No,No,No,No,No,No,No
1733,5.34,Long,M,No,28,No,Yes,Yes,No,Yes,Yes,Yes
1734,4.31,Medium,M,No,41,Yes,Yes,No,No,No,Yes,Yes
1735,7.68,Long,M,No,19,Yes,Yes,Yes,No,No,Yes,Yes
1736,5.91,Medium,M,No,48,No,No,No,No,No,Yes,No
1737,6.66,Medium,F,No,41,No,No,No,No,No,Yes,No
1738,3.62,Short,F,Yes,50,No,No,No,Yes,Yes,No,Yes
1739,4.93,Short,F,No,19,Yes,Yes,Yes,Yes,Yes,Yes,Yes
1740,2.95,Medium,M,No,51,No,No,No,No,Yes,Yes,No
1741,4.81,Short,M,No,27,No,No,No,No,No,No,No
1742,3.69,Short,F,No,45,No,No,No,No,Yes,No,No
1743,9.04,Short,F,No,52,No,No,No,No,No,No,No
1744,5.99,Long,F,No,50,No,No,No,No,No,No,No
1745,7.28,Medium,F,Yes,50,No,Yes,No,No,No,No,No
1746,10.15,Medium,M,Yes,23,No,No,No,No,No,No,No
1747,2.98,Long,M,No,52,Yes,No,No,No,No,No,Yes
1748,3.28,Long,M,No,41,No,Yes,No,No,No,Yes,No
1749,5.85,Short,M,Yes,32,No,No,No,No,No,Yes,No
1750,2.85,Long,M,No,34,No,No,No,No,No,No,No
1751,2.36,Medium,M,No,33,Yes,Yes,No,No,No,Yes,No
1752,6.21,Medium,F,Yes,24,No,No,No,No,No,No,No
1753,7.58,Long,M,Yes,32,No,No,No,No,No,No,No
1754,7.1,Long,M,No,46,No,Yes,Yes,No,No,Yes,No
1755,8.8,Long,M,Yes,52,No,No,No,No,No,No,No
1756,5.41,Short,M,Yes,25,No,No,Yes,No,Yes,Yes,No
1757,6.99,Long,F,No,26,Yes,Yes,Yes,No,No,Yes,Yes
1758,10.03,Medium,F,No,34,No,No,No,No,No,Yes,No
1759,2.48,Long,F,No,45,Yes,Yes,No,No,No,Yes,No
1760,4.04,Long,M,Yes,24,Yes,No,No,No,No,No,No
1761,2.26,Short,F,Yes,52,No,Yes,No,No,Yes,No,No
1762,3.36,Short,M,No,21,Yes,Yes,No,No,No,Yes,No
1763,8.75,Long,F,No,30,Yes,No,No,Yes,No,No,Yes
1764,7.18,Short,F,Yes,32,No,Yes,No,No,No,No,No
1765,8.73,Medium,F,Yes,39,No,No,No,Yes,Yes,No,No
1766,2.39,Long,F,No,32,Yes,No,No,No,No,No,No
1767,6.4,Short,M,Yes,33,No,No,No,No,No,No,No
1768,9.92,Medium,M,No,37,No,No,No,No,No,No,No
1769,7.8,Medium,F,Yes,38,No,No,No,No,No,No,No
1770,7.26,Short,F,No,22,No,No,No,No,No,No,No
1771,4.57,Long,F,Yes,23,Yes,Yes,No,Yes,No,No,Yes
1772,8.35,Medium,F,Yes,54,Yes,No,No,No,Yes,No,No
1773,8.33,Long,F,Yes,44,No,No,No,No,No,No,No
1774,7.33,Medium,F,No,21,No,No,No,No,Yes,No,No
1775,5.47,Medium,F,No,48,No,Yes,No,No,No,Yes,No
1776,7.76,Long,F,No,48,Yes,No,No,No,Yes,No,Yes
1777,6,Short,M,Yes,34,No,No,No,No,No,No,No
1778,3.08,Long,M,Yes,39,No,No,No,No,No,Yes,No
1779,8.93,Long,M,No,34,No,Yes,No,No,Yes,Yes,No
1780,7.42,Short,M,No,46,No,No,No,No,Yes,Yes,No
1781,6.12,Long,F,No,50,Yes,Yes,Yes,No,No,No,No
1782,2.3,Long,F,No,37,No,No,No,No,Yes,No,No
1783,2.91,Long,F,Yes,31,No,No,No,No,No,Yes,No
1784,5.92,Long,F,No,46,Yes,Yes,No,Yes,Yes,Yes,No
1785,8.85,Long,F,Yes,35,Yes,No,Yes,No,No,Yes,No
1786,5.86,Medium,M,Yes,55,Yes,No,Yes,No,Yes,No,No
1787,9.34,Long,F,No,37,Yes,No,No,No,Yes,Yes,No
1788,5.89,Medium,F,Yes,54,No,No,No,No,No,No,Yes
1789,8.24,Medium,F,Yes,29,No,No,No,Yes,Yes,No,Yes
1790,7.06,Long,F,Yes,48,No,No,No,Yes,No,No,No
1791,3.78,Medium,M,No,34,No,No,No,No,Yes,No,No
1792,3.67,Medium,M,Yes,48,Yes,Yes,Yes,No,No,Yes,No
1793,8.88,Medium,F,Yes,33,Yes,Yes,No,No,No,Yes,No
1794,2.15,Short,M,Yes,53,Yes,No,No,No,Yes,No,No
1795,3.3,Long,M,Yes,49,No,Yes,Yes,No,Yes,Yes,No
1796,8.93,Long,F,Yes,42,Yes,Yes,Yes,No,No,Yes,No
1797,3.48,Short,M,No,28,No,No,No,No,No,No,No
1798,9.72,Short,M,No,31,Yes,No,No,No,Yes,No,No
1799,4.83,Medium,F,Yes,38,Yes,No,No,No,No,No,No
1800,3.08,Long,M,Yes,29,Yes,Yes,No,No,No,Yes,No
1801,4.38,Long,F,No,53,Yes,No,No,No,No,No,No
1802,9.29,Medium,M,No,43,No,No,No,No,Yes,No,No
1803,9.98,Long,M,Yes,20,Yes,Yes,Yes,No,Yes,Yes,No
1804,7.88,Medium,F,Yes,53,No,Yes,Yes,No,Yes,No,Yes
1805,3.29,Long,F,Yes,55,No,Yes,No,No,No,No,No
1806,3.49,Long,M,No,35,No,No,No,No,No,No,No
1807,6.66,Long,F,No,21,Yes,Yes,No,Yes,Yes,Yes,Yes
1808,2.65,Long,F,Yes,26,Yes,No,No,Yes,Yes,No,No
1809,8,Short,F,Yes,39,No,No,No,No,No,No,No
1810,6.06,Long,F,No,47,No,No,No,No,Yes,No,No
1811,4.83,Short,M,Yes,48,Yes,Yes,Yes,No,Yes,Yes,Yes
1812,9.64,Long,M,No,29,No,Yes,No,Yes,Yes,Yes,Yes
1813,9.65,Long,F,Yes,22,No,No,No,No,Yes,No,No
1814,4.03,Medium,M,No,52,Yes,No,No,No,No,No,No
1815,4.19,Long,F,Yes,32,Yes,No,No,No,No,No,No
1816,4.52,Long,M,No,33,Yes,No,No,No,Yes,No,Yes
1817,9.76,Long,F,Yes,23,No,No,No,No,Yes,No,No
1818,5.88,Long,M,Yes,25,No,No,No,No,No,No,No
1819,6.43,Short,F,Yes,52,No,No,No,No,No,No,No
1820,5.34,Long,M,No,19,Yes,No,No,No,No,No,Yes
1821,3.05,Medium,F,Yes,23,No,No,No,No,No,No,No
1822,3.05,Medium,M,Yes,38,No,No,No,No,No,No,No
1823,8.12,Medium,M,Yes,40,Yes,No,No,No,Yes,No,No
1824,6.72,Medium,F,No,41,No,No,Yes,No,No,Yes,Yes
1825,5.63,Long,F,No,28,No,No,No,No,No,No,No
1826,8.25,Long,F,Yes,45,Yes,No,No,No,No,Yes,No
1827,3.84,Long,F,Yes,46,No,No,No,No,No,No,Yes
1828,3.19,Medium,M,No,33,No,No,No,No,Yes,No,No
1829,6.11,Long,M,No,36,Yes,Yes,Yes,No,No,No,Yes
1830,5.33,Medium,M,No,44,No,No,No,No,No,No,No
1831,2.23,Short,F,Yes,48,No,No,No,No,Yes,No,No
1832,7.92,Long,M,Yes,25,No,No,No,No,No,No,No
1833,6.69,Long,M,Yes,24,No,No,No,No,No,No,No
1834,2.72,Long,F,No,32,Yes,No,No,Yes,Yes,No,Yes
1835,2.31,Long,F,Yes,24,Yes,No,No,No,Yes,No,No
1836,3.82,Long,M,Yes,27,Yes,Yes,No,No,Yes,Yes,No
1837,7.17,Short,F,No,53,No,No,No,No,No,Yes,Yes
1838,7.92,Long,F,Yes,37,Yes,Yes,Yes,Yes,No,Yes,Yes
1839,4.31,Medium,M,Yes,36,No,No,No,No,No,Yes,Yes
1840,4.85,Medium,M,No,56,No,Yes,No,No,No,Yes,No
1841,8.78,Long,M,Yes,30,No,No,No,No,Yes,No,No
1842,8.19,Medium,M,No,45,No,No,No,No,Yes,Yes,No
1843,8.64,Long,M,Yes,38,Yes,No,Yes,No,No,Yes,Yes
1844,2.54,Short,M,No,35,No,No,No,No,No,Yes,No
1845,7.1,Medium,M,Yes,20,Yes,Yes,No,No,Yes,Yes,No
1846,6.05,Long,F,No,49,No,No,No,No,No,No,No
1847,2.43,Long,M,Yes,37,Yes,No,No,No,No,No,No
1848,9.75,Long,M,Yes,29,No,No,No,No,Yes,No,No
1849,6.18,Medium,F,Yes,25,Yes,No,No,Yes,Yes,No,No
1850,2.34,Long,F,Yes,21,Yes,No,Yes,Yes,No,No,Yes
1851,2.05,Long,F,No,38,No,No,No,No,No,No,No
1852,2.89,Medium,M,Yes,28,No,No,No,No,No,Yes,No
1853,2.99,Long,F,Yes,28,Yes,No,No,No,No,No,No
1854,2.84,Long,M,No,35,Yes,No,No,No,No,No,No
1855,10.08,Medium,M,Yes,50,No,No,No,No,Yes,No,No
1856,5.47,Long,M,Yes,29,No,No,No,No,Yes,No,No
1857,8.59,Medium,F,Yes,49,No,No,No,No,No,No,No
1858,5.22,Long,M,Yes,29,Yes,Yes,No,No,Yes,Yes,No
1859,3.4,Long,M,No,39,No,No,No,Yes,Yes,Yes,No
1860,7.63,Long,M,No,19,No,Yes,No,No,No,Yes,No
1861,8.44,Long,M,Yes,54,Yes,No,Yes,No,Yes,No,Yes
1862,5.24,Medium,M,Yes,47,No,No,No,No,No,No,No
1863,8.53,Long,M,No,35,No,No,No,Yes,Yes,No,No
1864,5.8,Medium,F,No,27,Yes,Yes,No,No,No,Yes,No
1865,9.1,Long,F,Yes,36,Yes,Yes,Yes,No,No,Yes,Yes
1866,3.46,Medium,F,Yes,27,No,Yes,Yes,No,No,Yes,No
1867,9.54,Long,M,Yes,44,No,No,No,No,No,No,No
1868,9.41,Long,F,Yes,49,No,No,No,No,No,No,No
1869,7.16,Long,M,No,46,No,No,No,No,No,Yes,No
1870,3.56,Long,F,No,20,Yes,Yes,Yes,No,Yes,Yes,Yes
1871,6.86,Medium,F,Yes,25,No,No,No,Yes,Yes,No,No
1872,8.75,Medium,M,No,29,Yes,No,No,No,No,Yes,No
1873,6.77,Short,M,No,50,Yes,Yes,Yes,Yes,No,No,Yes
1874,5.35,Long,F,Yes,52,No,No,No,No,Yes,No,No
1875,4.02,Medium,M,Yes,31,Yes,Yes,Yes,No,No,Yes,No
1876,4.97,Medium,M,Yes,41,No,No,No,No,Yes,No,No
1877,2.32,Long,M,Yes,26,No,Yes,Yes,No,Yes,Yes,No
1878,5.18,Medium,F,Yes,34,No,No,No,No,Yes,No,No
1879,5.29,Long,F,No,32,Yes,Yes,No,No,Yes,Yes,No
1880,2.9,Medium,F,Yes,53,Yes,No,Yes,No,No,Yes,No
1881,9.18,Medium,F,No,33,No,No,No,No,Yes,No,No
1882,6.23,Medium,F,Yes,19,No,No,No,No,No,Yes,Yes
1883,9.13,Long,F,No,50,No,No,No,No,Yes,Yes,No
1884,7.74,Medium,F,No,40,No,No,No,No,Yes,Yes,No
1885,3.38,Medium,M,No,47,Yes,No,No,No,No,No,No
1886,3.14,Medium,F,No,25,Yes,Yes,No,No,Yes,No,No
1887,3.72,Medium,M,Yes,34,Yes,No,No,No,Yes,No,No
1888,7.06,Short,M,No,34,No,No,No,No,No,No,No
1889,3.67,Long,M,No,50,Yes,Yes,Yes,No,No,Yes,No
1890,6.77,Medium,M,Yes,19,No,No,No,No,No,No,No
1891,2.13,Medium,M,No,39,Yes,Yes,No,No,Yes,Yes,No
1892,2.81,Medium,F,Yes,37,Yes,No,No,No,No,No,No
1893,2.55,Long,F,No,41,No,No,No,No,No,No,No
1894,7.79,Long,F,No,22,No,Yes,No,Yes,No,No,No
1895,4.53,Short,F,Yes,20,Yes,Yes,Yes,No,No,Yes,No
1896,4.86,Medium,F,Yes,27,No,No,No,No,No,No,No
1897,3.11,Long,M,Yes,27,Yes,No,Yes,No,No,Yes,No
1898,3.64,Long,M,No,50,No,No,No,Yes,Yes,No,No
1899,2.2,Medium,F,No,20,Yes,Yes,No,No,Yes,No,No
1900,7.64,Long,M,No,39,No,No,No,No,No,Yes,No
1901,8.6,Medium,M,No,21,No,No,No,No,No,No,No
1902,3.39,Long,F,Yes,36,Yes,No,No,No,No,No,No
1903,3.86,Medium,M,No,23,No,Yes,No,Yes,Yes,Yes,No
1904,8.69,Medium,F,Yes,34,No,Yes,Yes,No,No,No,No
1905,4.75,Medium,M,No,18,Yes,Yes,No,No,Yes,Yes,Yes
1906,5.69,Medium,F,No,40,Yes,Yes,Yes,Yes,No,Yes,No
1907,5.02,Long,M,No,35,Yes,Yes,No,No,No,Yes,No
1908,7.41,Long,M,Yes,50,No,No,No,No,Yes,No,No
1909,8.13,Long,F,Yes,41,Yes,No,No,No,No,No,No
1910,4.57,Medium,M,Yes,29,Yes,No,No,No,Yes,No,No
1911,6.41,Short,F,Yes,43,Yes,Yes,Yes,No,No,Yes,No
1912,8.88,Medium,F,Yes,32,No,No,Yes,No,No,No,No
1913,4.79,Short,F,No,50,Yes,Yes,No,No,Yes,Yes,No
1914,8.42,Medium,M,No,43,Yes,No,No,No,No,Yes,No
1915,9.42,Long,F,Yes,34,No,No,No,No,No,No,No
1916,5.78,Long,M,Yes,28,No,No,No,No,No,No,No
1917,9.44,Long,F,Yes,47,No,No,No,No,No,No,No
1918,5.13,Short,M,Yes,25,Yes,No,No,No,No,No,No
1919,6.03,Long,F,No,46,No,No,No,No,No,No,No
1920,2.95,Long,F,Yes,53,No,No,No,No,No,Yes,No
1921,5.73,Medium,F,No,34,No,No,No,No,No,No,Yes
1922,2.77,Long,M,No,31,No,No,No,No,Yes,No,No
1923,5.57,Short,F,Yes,49,No,No,No,No,No,No,No
1924,10.05,Long,M,Yes,19,No,No,No,No,No,No,No
1925,8.08,Medium,M,No,21,No,No,No,No,Yes,No,No
1926,2.62,Long,F,No,42,No,Yes,Yes,No,Yes,Yes,No
1927,5.83,Long,M,Yes,24,Yes,Yes,No,No,Yes,Yes,Yes
1928,2.77,Medium,F,Yes,51,No,Yes,No,No,No,Yes,No
1929,9.3,Long,M,Yes,40,No,No,No,No,No,No,No
1930,10.07,Medium,F,No,52,Yes,Yes,Yes,No,No,Yes,No
1931,4.23,Medium,M,Yes,24,Yes,Yes,No,No,Yes,Yes,Yes
1932,7.24,Long,F,No,47,No,No,No,No,No,No,No
1933,6.53,Short,M,Yes,35,Yes,No,No,No,No,No,No
1934,2.92,Medium,M,No,50,Yes,No,No,No,No,Yes,No
1935,4.41,Short,M,Yes,25,Yes,Yes,No,No,No,Yes,No
1936,6.7,Long,M,Yes,26,No,No,No,No,No,No,No
1937,5.32,Long,M,Yes,35,Yes,No,No,No,Yes,No,No
1938,5.63,Long,F,No,28,No,No,No,No,No,No,Yes
1939,2.1,Medium,F,No,26,Yes,No,No,No,Yes,No,No
1940,3,Medium,M,Yes,24,Yes,Yes,No,No,No,Yes,No
1941,2.09,Long,F,No,40,Yes,No,No,No,No,Yes,No
1942,9.9,Short,F,No,28,No,Yes,Yes,No,Yes,No,No
1943,4,Long,F,No,44,No,No,No,No,Yes,No,No
1944,5.69,Long,M,Yes,32,Yes,Yes,Yes,No,Yes,Yes,No
1945,7.96,Medium,F,Yes,52,No,Yes,No,No,No,Yes,Yes
1946,8.82,Long,F,No,24,No,No,No,Yes,No,No,Yes
1947,9.86,Medium,M,No,33,No,No,No,No,Yes,No,Yes
1948,9.45,Long,M,No,32,No,No,No,No,No,Yes,No
1949,4.75,Medium,F,Yes,38,Yes,Yes,Yes,No,No,Yes,No
1950,4.64,Short,M,Yes,49,No,Yes,Yes,No,No,Yes,No
1951,8.49,Long,M,No,36,No,No,No,No,Yes,No,No
1952,7.63,Long,F,No,41,No,No,No,No,Yes,No,No
1953,5.52,Short,F,Yes,28,No,No,No,No,Yes,No,No
1954,7.47,Medium,M,No,20,No,No,No,No,No,No,No
1955,3.19,Medium,M,No,29,Yes,No,Yes,No,No,Yes,No
1956,4.37,Long,F,No,52,Yes,No,No,No,No,Yes,No
1957,2.09,Long,F,No,27,No,Yes,Yes,No,No,Yes,Yes
1958,3.61,Short,M,Yes,56,Yes,No,No,No,No,No,No
1959,3.12,Medium,F,No,50,No,No,No,Yes,No,Yes,No
1960,7.8,Medium,M,Yes,31,No,Yes,No,No,No,No,No
1961,6.98,Medium,F,No,52,No,No,No,No,No,No,No
1962,3.65,Long,M,Yes,29,No,No,No,No,No,No,No
1963,2.5,Medium,M,No,26,Yes,No,No,No,Yes,No,No
1964,4.16,Medium,M,Yes,18,Yes,No,No,No,Yes,Yes,No
1965,7.64,Medium,M,No,30,No,No,No,No,No,No,No
1966,5.09,Long,F,No,50,No,No,No,No,No,Yes,No
1967,2.8,Long,M,No,34,Yes,Yes,Yes,Yes,No,No,Yes
1968,2.36,Medium,M,No,31,No,Yes,No,No,No,No,No
1969,9.48,Medium,F,Yes,21,No,No,No,No,No,Yes,No
1970,3.44,Medium,M,No,45,Yes,No,No,No,No,Yes,No
1971,5.42,Long,F,Yes,51,No,No,No,Yes,No,Yes,Yes
1972,4.24,Long,M,Yes,23,No,No,No,No,No,No,Yes
1973,2.68,Medium,F,Yes,34,Yes,Yes,No,No,Yes,Yes,No
1974,2.99,Medium,F,Yes,26,Yes,Yes,Yes,No,No,Yes,No
1975,8.53,Long,M,No,48,Yes,Yes,No,No,No,No,Yes
1976,3.76,Short,M,Yes,20,No,No,No,No,Yes,No,No
1977,6.16,Medium,M,No,28,Yes,No,No,No,No,Yes,No
1978,7.54,Long,M,No,25,No,Yes,No,No,Yes,Yes,No
1979,2.24,Long,M,No,24,No,No,No,Yes,Yes,No,Yes
1980,3.12,Long,M,Yes,36,No,No,No,No,Yes,No,No
1981,3.22,Short,M,No,35,Yes,No,No,No,No,No,No
1982,9.24,Medium,M,No,51,No,Yes,No,No,No,No,Yes
1983,4.39,Medium,F,Yes,37,No,No,No,No,Yes,No,No
1984,5.47,Long,F,Yes,22,No,No,Yes,No,No,Yes,Yes
1985,4.43,Medium,F,Yes,35,No,No,No,No,No,Yes,No
1986,2.44,Medium,M,No,17,No,Yes,No,No,Yes,Yes,No
1987,4.45,Medium,M,Yes,49,Yes,No,Yes,No,Yes,No,No
1988,8.35,Medium,M,No,19,Yes,No,No,No,No,No,Yes
1989,9.35,Medium,M,No,36,Yes,No,Yes,No,No,Yes,No
1990,5.41,Medium,M,Yes,32,No,Yes,Yes,No,No,Yes,No
1991,8.12,Long,M,Yes,39,Yes,No,No,No,No,Yes,No
1992,5.43,Short,F,No,26,Yes,No,No,No,Yes,No,No
1993,6.15,Medium,F,Yes,44,Yes,Yes,No,No,Yes,Yes,No
1994,3.35,Long,M,No,23,No,No,Yes,No,No,Yes,No
1995,4.58,Short,M,No,37,No,No,No,No,Yes,No,No
1996,5.86,Medium,M,Yes,52,No,No,No,No,No,No,No
1997,6.95,Long,M,No,53,No,Yes,No,No,No,Yes,No
1998,6.1,Long,M,Yes,30,No,No,No,No,No,No,No
1999,4.87,Medium,M,No,45,Yes,Yes,No,No,No,No,Yes
2000,8.94,Short,F,No,34,Yes,No,No,No,No,No,No
